symbol,price,volume
AAPL,185.22,1250
GOOG,2801.65,830
MSFT,332.81,1512
NVDA,488.30,2105
TSLA,250.18,1340
AMZN,134.75,1195
META,315.45,950
AAPL,185.19,1100
GOOG,2800.90,780
MSFT,332.95,1600
TSLA,249.95,1420
AMZN,134.60,1050
JPM,155.20,1800
V,240.50,1300
NVDA,487.95,2250
AAPL,185.25,1320
GOOG,2802.10,810
MSFT,333.05,1480
TSLA,250.30,1280
AMZN,134.80,1210
META,315.60,980
JPM,155.10,1750
V,240.65,1350
NVDA,488.50,2050
AAPL,185.35,1400
GOOG,2801.50,850
MSFT,332.70,1550
TSLA,250.05,1380
AMZN,134.90,1150
META,315.25,920
AAPL,185.28,1280
GOOG,2803.00,890
MSFT,333.10,1620
TSLA,250.45,1310
NVDA,489.10,2300
AMZN,135.10,1250
JPM,155.30,1850
V,240.80,1400
AAPL,185.40,1500
GOOG,2802.80,820
MSFT,333.25,1590
TSLA,250.60,1360
AMZN,135.00,1180
META,315.70,1010
NVDA,488.80,2150
AAPL,185.33,1350
GOOG,2801.90,790
MSFT,333.00,1530
TSLA,250.20,1400
AMZN,134.85,1120
JPM,155.05,1700
V,240.55,1320
AAPL,185.45,1450
GOOG,2803.50,910
MSFT,333.40,1650
NVDA,490.00,2500
TSLA,250.80,1300
AMZN,135.20,1300
META,316.00,1050
JPM,155.50,1900
V,240.95,1420
AAPL,185.50,1550
GOOG,2803.20,880
MSFT,333.35,1630
TSLA,250.75,1330
AMZN,135.15,1280
META,316.10,1080
NVDA,490.25,2600
JPM,155.60,1950
V,241.10,1500
AAPL,185.48,1480
GOOG,2802.90,860
MSFT,333.15,1600
TSLA,250.55,1350
AMZN,135.05,1260
META,315.90,1060
NVDA,489.90,2550
JPM,155.45,1920
V,240.90,1480
AAPL,185.60,1600
GOOG,2803.80,920
MSFT,333.50,1700
TSLA,251.00,1400
AMZN,135.30,1320
META,316.30,1100
NVDA,490.50,2700
JPM,155.70,2000
V,241.20,1550
AAPL,185.55,1580
GOOG,2803.60,900
MSFT,333.45,1680
TSLA,250.90,1380
AMZN,135.25,1310
META,316.20,1090
NVDA,490.30,2650
JPM,155.65,1980
V,241.15,1530
AAPL,185.70,1650
GOOG,2804.10,940
MSFT,333.70,1750
TSLA,251.20,1420
AMZN,135.50,1350
META,316.50,1120
NVDA,490.80,2750
JPM,155.80,2050
V,241.30,1580
AAPL,185.65,1630
GOOG,2803.90,930
MSFT,333.60,1720
TSLA,251.10,1410
AMZN,135.40,1340
META,316.40,1110
NVDA,490.60,2720
JPM,155.75,2030
V,241.25,1560
AAPL,185.80,1700
GOOG,2804.50,960
MSFT,333.90,1800
TSLA,251.50,1450
AMZN,135.70,1380
META,316.80,1150
NVDA,491.20,2800
AAPL,185.78,1680
GOOG,2804.30,950
MSFT,333.85,1780
TSLA,251.40,1440
AMZN,135.65,1370
META,316.70,1140
NVDA,491.00,2780
JPM,155.90,2100
V,241.40,1600
AAPL,185.90,1720
GOOG,2805.00,980
MSFT,334.10,1820
TSLA,251.70,1480
AMZN,135.90,1400
META,317.00,1180
NVDA,491.50,2850
JPM,156.10,2150
V,241.60,1620
AAPL,185.85,1710
GOOG,2804.80,970
MSFT,334.00,1810
TSLA,251.60,1470
AMZN,135.80,1390
META,316.90,1170
NVDA,491.30,2830
JPM,156.00,2130
V,241.50,1610
AAPL,186.00,1750
GOOG,2805.50,1000
MSFT,334.30,1850
TSLA,252.00,1500
AMZN,136.10,1420
META,317.30,1200
NVDA,491.80,2900
JPM,156.30,2200
V,241.80,1650
AAPL,185.95,1740
GOOG,2805.30,990
MSFT,334.20,1840
TSLA,251.90,1490
AMZN,136.00,1410
META,317.20,1190
NVDA,491.60,2880
JPM,156.20,2180
V,241.70,1640
AAPL,186.10,1780
GOOG,2806.00,1020
MSFT,334.50,1880
TSLA,252.30,1520
AMZN,136.30,1450
META,317.60,1220
NVDA,492.10,2950
JPM,156.50,2250
V,242.00,1680
AAPL,186.05,1770
GOOG,2805.80,1010
MSFT,334.40,1870
TSLA,252.20,1510
AMZN,136.20,1440
META,317.50,1210
NVDA,491.90,2930
JPM,156.40,2230
V,241.90,1670
AAPL,186.25,1800
GOOG,2806.40,1040
MSFT,334.75,1900
TSLA,252.55,1550
AMZN,136.55,1480
META,317.95,1250
NVDA,492.50,3000
JPM,156.75,2300
V,242.25,1700
AAPL,186.20,1790
GOOG,2806.20,1030
MSFT,334.65,1890
TSLA,252.45,1540
AMZN,136.45,1470
META,317.85,1240
NVDA,492.30,2980
JPM,156.65,2280
V,242.15,1690
AAPL,186.35,1820
GOOG,2806.80,1060
MSFT,334.90,1920
TSLA,252.80,1580
AMZN,136.80,1500
META,318.20,1280
NVDA,492.80,3050
JPM,156.90,2350
V,242.40,1720
AAPL,186.30,1810
GOOG,2806.60,1050
MSFT,334.80,1910
TSLA,252.70,1570
AMZN,136.70,1490
META,318.10,1270
NVDA,492.60,3030
JPM,156.80,2330
V,242.30,1710
AAPL,186.50,1850
GOOG,2807.20,1080
MSFT,335.10,1950
TSLA,253.10,1600
AMZN,137.00,1520
META,318.50,1300
NVDA,493.10,3100
JPM,157.10,2400
V,242.60,1750
AAPL,186.45,1840
GOOG,2807.00,1070
MSFT,335.00,1940
TSLA,253.00,1590
AMZN,136.90,1510
META,318.40,1290
NVDA,492.90,3080
JPM,157.00,2380
V,242.50,1740
AAPL,186.60,1880
GOOG,2807.60,1100
MSFT,335.30,1980
TSLA,253.40,1620
AMZN,137.20,1550
META,318.80,1320
NVDA,493.50,3150
JPM,157.30,2450
V,242.80,1780
AAPL,186.55,1870
GOOG,2807.40,1090
MSFT,335.20,1970
TSLA,253.30,1610
AMZN,137.10,1540
META,318.70,1310
NVDA,493.30,3130
JPM,157.20,2430
V,242.70,1770
AAPL,186.70,1900
GOOG,2808.00,1120
MSFT,335.50,2000
TSLA,253.70,1650
AMZN,137.40,1580
META,319.10,1350
NVDA,493.80,3200
JPM,157.50,2500
V,243.00,1800
AAPL,186.65,1890
GOOG,2807.80,1110
MSFT,335.40,1990
TSLA,253.60,1640
AMZN,137.30,1570
META,319.00,1340
NVDA,493.60,3180
JPM,157.40,2480
V,242.90,1790
AAPL,186.85,1920
GOOG,2808.50,1150
MSFT,335.80,2050
TSLA,254.00,1680
AMZN,137.70,1600
META,319.50,1380
NVDA,494.20,3250
JPM,157.80,2550
V,243.30,1820
AAPL,186.80,1910
GOOG,2808.30,1140
MSFT,335.70,2030
TSLA,253.90,1670
AMZN,137.60,1590
META,319.40,1370
NVDA,494.00,3230
JPM,157.70,2530
V,243.20,1810
AAPL,187.00,1950
GOOG,2809.00,1180
MSFT,336.10,2100
TSLA,254.40,1700
AMZN,138.00,1620
META,319.90,1400
NVDA,494.70,3300
JPM,158.10,2600
V,243.60,1850
AAPL,186.95,1940
GOOG,2808.80,1170
MSFT,336.00,2080
TSLA,254.30,1690
AMZN,137.90,1610
META,319.80,1390
NVDA,494.50,3280
JPM,158.00,2580
V,243.50,1840
AAPL,187.15,1980
GOOG,2809.40,1200
MSFT,336.30,2120
TSLA,254.60,1720
AMZN,138.20,1650
META,320.20,1420
NVDA,495.10,3350
JPM,158.30,2650
V,243.80,1880
AAPL,187.10,1970
GOOG,2809.20,1190
MSFT,336.20,2110
TSLA,254.50,1710
AMZN,138.10,1640
META,320.10,1410
NVDA,494.90,3330
JPM,158.20,2630
V,243.70,1870
AAPL,187.30,2000
GOOG,2810.00,1220
MSFT,336.60,2150
TSLA,255.00,1750
AMZN,138.50,1680
META,320.60,1450
NVDA,495.50,3400
JPM,158.60,2700
V,244.10,1900
AAPL,187.25,1990
GOOG,2809.80,1210
MSFT,336.50,2140
TSLA,254.90,1740
AMZN,138.40,1670
META,320.50,1440
NVDA,495.30,3380
JPM,158.50,2680
V,244.00,1890
AAPL,187.45,2020
GOOG,2810.50,1250
MSFT,336.90,2180
TSLA,255.30,1780
AMZN,138.80,1700
META,321.00,1480
NVDA,496.00,3450
JPM,158.90,2750
V,244.40,1920
AAPL,187.40,2010
GOOG,2810.30,1240
MSFT,336.80,2170
TSLA,255.20,1770
AMZN,138.70,1690
META,320.90,1470
NVDA,495.80,3430
JPM,158.80,2730
V,244.30,1910
AAPL,187.60,2050
GOOG,2811.00,1280
MSFT,337.20,2200
TSLA,255.60,1800
AMZN,139.00,1720
META,321.30,1500
NVDA,496.30,3500
JPM,159.10,2800
V,244.60,1950
AAPL,187.55,2040
GOOG,2810.80,1270
MSFT,337.10,2190
TSLA,255.50,1790
AMZN,138.90,1710
META,321.20,1490
NVDA,496.10,3480
JPM,159.00,2780
V,244.50,1940
AAPL,187.75,2080
GOOG,2811.50,1300
MSFT,337.50,2220
TSLA,255.90,1820
AMZN,139.30,1750
META,321.70,1520
NVDA,496.80,3550
JPM,159.40,2850
V,244.90,1980
AAPL,187.70,2070
GOOG,2811.30,1290
MSFT,337.40,2210
TSLA,255.80,1810
AMZN,139.20,1740
META,321.60,1510
NVDA,496.60,3530
JPM,159.30,2830
V,244.80,1970
AAPL,187.90,2100
GOOG,2812.00,1320
MSFT,337.80,2250
TSLA,256.20,1850
AMZN,139.60,1780
META,322.10,1550
NVDA,497.20,3600
JPM,159.70,2900
V,245.20,2000
AAPL,187.85,2090
GOOG,2811.80,1310
MSFT,337.70,2240
TSLA,256.10,1840
AMZN,139.50,1770
META,322.00,1540
NVDA,497.00,3580
JPM,159.60,2880
V,245.10,1990
AAPL,188.00,2120
GOOG,2812.50,1350
MSFT,338.10,2280
TSLA,256.50,1880
AMZN,139.90,1800
META,322.50,1580
NVDA,497.55,3620
JPM,159.95,2920
V,245.45,2020
AAPL,188.02,2135
GOOG,2812.51,1353
MSFT,338.12,2289
TSLA,256.54,1881
AMZN,139.99,1803
META,322.58,1588
NVDA,497.60,3627
JPM,160.03,2931
V,245.50,2024
AAPL,188.08,2140
GOOG,2812.98,1370
MSFT,338.58,2301
TSLA,256.98,1902
AMZN,140.01,1811
META,322.99,1602
NVDA,498.05,3655
JPM,160.10,2955
V,245.52,2033
AAPL,188.11,2156
GOOG,2813.41,1398
MSFT,338.62,2315
TSLA,257.02,1911
AMZN,140.15,1825
META,323.01,1615
NVDA,498.11,3678
JPM,160.15,2966
V,245.68,2051
AAPL,188.13,2178
GOOG,2813.55,1402
MSFT,338.78,2322
TSLA,257.11,1923
AMZN,140.22,1833
META,323.10,1622
NVDA,498.25,3699
JPM,160.28,2988
V,245.71,2065
AAPL,188.22,2188
GOOG,2813.69,1411
MSFT,338.81,2335
TSLA,257.18,1935
AMZN,140.33,1844
META,323.15,1633
NVDA,498.33,3701
JPM,160.31,2999
V,245.88,2088
AAPL,188.28,2199
GOOG,2814.01,1425
MSFT,338.99,2355
TSLA,257.22,1955
AMZN,140.48,1855
META,323.28,1655
NVDA,498.48,3722
JPM,160.42,3011
V,245.99,2101
AAPL,188.35,2205
GOOG,2814.15,1433
MSFT,339.05,2366
TSLA,257.38,1966
AMZN,140.51,1866
META,323.35,1666
NVDA,498.55,3733
JPM,160.55,3022
V,246.01,2115
AAPL,188.41,2211
GOOG,2814.22,1455
MSFT,339.11,2388
TSLA,257.41,1988
AMZN,140.66,1888
META,323.41,1688
NVDA,498.66,3755
JPM,160.61,3044
V,246.15,2122
AAPL,188.45,2225
GOOG,2814.38,1463
MSFT,339.25,2399
TSLA,257.55,1999
AMZN,140.71,1899
META,323.51,1699
NVDA,498.71,3766
JPM,160.78,3055
V,246.22,2135
AAPL,188.51,2233
GOOG,2814.41,1477
MSFT,339.33,2405
TSLA,257.61,2001
AMZN,140.88,1901
META,323.66,1701
NVDA,498.88,3788
JPM,160.81,3066
V,246.38,2155
AAPL,188.55,2244
GOOG,2814.55,1488
MSFT,339.48,2411
TSLA,257.77,2015
AMZN,140.91,1915
META,323.71,1711
NVDA,498.91,3799
JPM,160.99,3088
V,246.41,2166
AAPL,188.66,2255
GOOG,2814.61,1499
MSFT,339.51,2422
TSLA,257.81,2022
AMZN,140.95,1922
META,323.88,1722
NVDA,499.01,3801
JPM,161.05,3099
V,246.55,2188
AAPL,188.71,2266
GOOG,2814.77,1501
MSFT,339.66,2433
TSLA,257.99,2033
AMZN,141.01,1933
META,323.91,1733
NVDA,499.15,3811
JPM,161.11,3105
V,246.61,2199
AAPL,188.75,2288
GOOG,2814.81,1515
MSFT,339.71,2455
TSLA,258.05,2055
AMZN,141.15,1955
META,324.01,1755
NVDA,499.22,3822
JPM,161.25,3111
V,246.77,2201
AAPL,188.88,2299
GOOG,2814.99,1522
MSFT,339.88,2466
TSLA,258.11,2066
AMZN,141.22,1966
META,324.15,1766
NVDA,499.38,3833
JPM,161.33,3122
V,246.81,2215
AAPL,188.91,2301
GOOG,2815.01,1535
MSFT,339.91,2488
TSLA,258.25,2088
AMZN,141.38,1988
META,324.22,1788
NVDA,499.41,3855
JPM,161.48,3135
V,246.99,2222
AAPL,188.95,2315
GOOG,2815.15,1555
MSFT,340.01,2499
TSLA,258.33,2099
AMZN,141.41,1999
META,324.38,1799
NVDA,499.55,3866
JPM,161.51,3155
V,247.01,2235
AAPL,189.01,2322
GOOG,2815.22,1566
MSFT,340.15,2501
TSLA,258.48,2101
AMZN,141.55,2001
META,324.41,1801
NVDA,499.61,3888
JPM,161.66,3166
V,247.15,2255
AAPL,189.15,2335
GOOG,2815.38,1588
MSFT,340.22,2515
TSLA,258.51,2115
AMZN,141.61,2015
META,324.55,1811
NVDA,499.77,3899
JPM,161.71,3188
V,247.22,2266
AAPL,189.22,2355
GOOG,2815.41,1599
MSFT,340.38,2522
TSLA,258.66,2122
AMZN,141.77,2022
META,324.61,1822
NVDA,499.81,3901
JPM,161.88,3199
V,247.38,2288
AAPL,189.28,2366
GOOG,2815.55,1601
MSFT,340.41,2535
TSLA,258.71,2135
AMZN,141.81,2035
META,324.77,1835
NVDA,499.99,3911
JPM,161.91,3201
V,247.41,2299
AAPL,189.33,2388
GOOG,2815.61,1615
MSFT,340.55,2555
TSLA,258.88,2155
AMZN,141.99,2055
META,324.81,1855
NVDA,500.01,3922
JPM,162.01,3211
V,247.55,2301
AAPL,189.48,2399
GOOG,2815.77,1622
MSFT,340.61,2566
TSLA,258.91,2166
AMZN,142.01,2066
META,324.99,1866
NVDA,500.15,3933
JPM,162.15,3222
V,247.61,2315
AAPL,189.51,2401
GOOG,2815.81,1633
MSFT,340.77,2588
TSLA,259.01,2188
AMZN,142.15,2088
META,325.01,1888
NVDA,500.22,3955
JPM,162.22,3235
V,247.77,2322
AAPL,189.55,2411
GOOG,2815.99,1655
MSFT,340.81,2599
TSLA,259.15,2199
AMZN,142.22,2099
META,325.15,1899
NVNVDA,500.38,3966
JPM,162.38,3255
V,247.81,2335
AAPL,189.61,2422
GOOG,2816.01,1666
MSFT,340.99,2601
TSLA,259.22,2201
AMZN,142.38,2101
META,325.22,1901
NVDA,500.41,3988
JPM,162.41,3266
V,247.99,2355
AAPL,189.77,2435
GOOG,2816.15,1688
MSFT,341.01,2615
TSLA,259.38,2215
AMZN,142.41,2115
META,325.38,1911
NVDA,500.55,3999
JPM,162.55,3288
V,248.01,2366
AAPL,189.81,2455
GOOG,2816.22,1699
MSFT,341.15,2622
TSLA,259.41,2222
AMZN,142.55,2122
META,325.41,1922
NVDA,500.61,4001
JPM,162.61,3299
V,248.15,2388
AAPL,189.88,2466
GOOG,2816.38,1701
MSFT,341.22,2635
TSLA,259.55,2235
AMZN,142.61,2135
META,325.55,1935
NVDA,500.77,4011
JPM,162.77,3301
V,248.22,2399
AAPL,189.91,2488
GOOG,2816.41,1715
MSFT,341.38,2655
TSLA,259.61,2255
AMZN,142.77,2155
META,325.61,1955
NVDA,500.81,4022
JPM,162.81,3311
V,248.38,2401
AAPL,189.99,2499
GOOG,2816.55,1722
MSFT,341.41,2666
TSLA,259.77,2266
AMZN,142.81,2166
META,325.77,1966
NVDA,500.99,4033
JPM,162.99,3322
V,248.41,2415
AAPL,190.01,2501
GOOG,2816.61,1735
MSFT,341.55,2688
TSLA,259.81,2288
AMZN,142.99,2188
META,325.81,1988
NVDA,501.01,4055
JPM,163.01,3335
V,248.55,2422
AAPL,190.15,2515
GOOG,2816.77,1755
MSFT,341.61,2699
TSLA,259.99,2299
AMZN,143.01,2199
META,325.99,1999
NVDA,501.15,4066
JPM,163.15,3355
V,248.61,2435
AAPL,190.22,2522
GOOG,2816.81,1766
MSFT,341.77,2701
TSLA,260.01,2301
AMZN,143.15,2201
META,326.01,2001
NVDA,501.22,4088
JPM,163.22,3366
V,248.77,2455
AAPL,190.28,2535
GOOG,2816.99,1788
MSFT,341.81,2715
TSLA,260.15,2315
AMZN,143.22,2215
META,326.15,2011
NVDA,501.38,4099
JPM,163.38,3388
V,248.81,2466
AAPL,190.33,2555
GOOG,2817.01,1799
MSFT,341.99,2722
TSLA,260.22,2322
AMZN,143.38,2222
META,326.22,2022
NVDA,501.41,4101
JPM,163.41,3399
V,248.99,2488
AAPL,190.48,2566
GOOG,2817.15,1801
MSFT,342.01,2735
TSLA,260.38,2335
AMZN,143.41,2235
META,326.38,2035
NVDA,501.55,4111
JPM,163.55,3401
V,249.01,2499
AAPL,190.51,2588
GOOG,2817.22,1815
MSFT,342.15,2755
TSLA,260.41,2355
AMZN,143.55,2255
META,326.41,2055
NVDA,501.61,4122
JPM,163.61,3411
V,249.15,2501
AAPL,190.55,2599
GOOG,2817.38,1822
MSFT,342.22,2766
TSLA,260.55,2366
AMZN,143.61,2266
META,326.55,2066
NVDA,501.77,4133
JPM,163.77,3422
V,249.22,2515
AAPL,190.61,2601
GOOG,2817.41,1835
MSFT,342.38,2788
TSLA,260.61,2388
AMZN,143.77,2288
META,326.61,2088
NVDA,501.81,4155
JPM,163.81,3435
V,249.38,2522
AAPL,190.77,2615
GOOG,2817.55,1855
MSFT,342.41,2799
TSLA,260.77,2399
AMZN,143.81,2299
META,326.77,2099
NVDA,501.99,4166
JPM,163.99,3455
V,249.41,2535
AAPL,190.81,2622
GOOG,2817.61,1866
MSFT,342.55,2801
TSLA,260.81,2401
AMZN,143.99,2301
META,326.81,2101
NVDA,502.01,4188
JPM,164.01,3466
V,249.55,2555
AAPL,190.88,2635
GOOG,2817.77,1888
MSFT,342.61,2815
TSLA,260.99,2415
AMZN,144.01,2315
META,326.99,2111
NVDA,502.15,4199
JPM,164.15,3488
V,249.61,2566
AAPL,190.91,2655
GOOG,2817.81,1899
MSFT,342.77,2822
TSLA,261.01,2422
AMZN,144.15,2322
META,327.01,2122
NVDA,502.22,4201
JPM,164.22,3499
V,249.77,2588
AAPL,190.99,2666
GOOG,2817.99,1901
MSFT,342.81,2835
TSLA,261.15,2435
AMZN,144.22,2335
META,327.15,2135
NVDA,502.38,4211
JPM,164.38,3501
V,249.81,2599
AAPL,191.01,2688
GOOG,2818.01,1915
MSFT,342.99,2855
TSLA,261.22,2455
AMZN,144.38,2355
META,327.22,2155
NVDA,502.41,4222
JPM,164.41,3511
V,249.99,2601
AAPL,191.15,2699
GOOG,2818.15,1922
MSFT,343.01,2866
TSLA,261.38,2466
AMZN,144.41,2366
META,327.38,2166
NVDA,502.55,4233
JPM,164.55,3522
V,250.01,2615
AAPL,191.22,2701
GOOG,2818.22,1935
MSFT,343.15,2888
TSLA,261.41,2488
AMZN,144.55,2388
META,327.41,2188
NVDA,502.61,4255
JPM,164.61,3535
V,250.15,2622
AAPL,191.28,2715
GOOG,2818.38,1955
MSFT,343.22,2899
TSLA,261.55,2499
AMZN,144.61,2399
META,327.55,2199
NVDA,502.77,4266
JPM,164.77,3555
V,250.22,2635
AAPL,191.33,2722
GOOG,2818.41,1966
MSFT,343.38,2901
TSLA,261.61,2501
AMZN,144.77,2401
META,327.61,2201
NVDA,502.81,4288
JPM,164.81,3566
V,250.38,2655
AAPL,191.48,2735
GOOG,2818.55,1988
MSFT,343.41,2915
TSLA,261.77,2515
AMZN,144.81,2415
META,327.77,2211
NVDA,502.99,4299
JPM,164.99,3588
V,250.41,2666
AAPL,191.51,2755
GOOG,2818.61,1999
MSFT,343.55,2922
TSLA,261.81,2522
AMZN,144.99,2422
META,327.81,2222
NVDA,503.01,4301
JPM,165.01,3599
V,250.55,2688
AAPL,191.55,2766
GOOG,2818.77,2001
MSFT,343.61,2935
TSLA,261.99,2535
AMZN,145.01,2435
META,327.99,2235
NVDA,503.15,4311
JPM,165.15,3601
V,250.61,2699
AAPL,191.61,2788
GOOG,2818.81,2015
MSFT,343.77,2955
TSLA,262.01,2555
AMZN,145.15,2455
META,328.01,2255
NVDA,503.22,4322
JPM,165.22,3611
V,250.77,2701
AAPL,191.77,2799
GOOG,2818.99,2022
MSFT,343.81,2966
TSLA,262.15,2566
AMZN,145.22,2466
META,328.15,2266
NVDA,503.38,4333
JPM,165.38,3622
V,250.81,2715
AAPL,191.81,2801
GOOG,2819.01,2035
MSFT,343.99,2988
TSLA,262.22,2588
AMZN,145.38,2488
META,328.22,2288
NVDA,503.41,4355
JPM,165.41,3635
V,250.99,2722
AAPL,191.88,2815
GOOG,2819.15,2055
MSFT,344.01,2999
TSLA,262.38,2599
AMZN,145.41,2499
META,328.38,2299
NVDA,503.55,4366
JPM,165.55,3655
V,251.01,2735
AAPL,191.91,2822
GOOG,2819.22,2066
MSFT,344.15,3001
TSLA,262.41,2601
AMZN,145.55,2501
META,328.41,2301
NVDA,503.61,4388
JPM,165.61,3666
V,251.15,2755
AAPL,191.99,2835
GOOG,2819.38,2088
MSFT,344.22,3015
TSLA,262.55,2615
AMZN,145.61,2515
META,328.55,2311
NVDA,503.77,4399
JPM,165.77,3688
V,251.22,2766
AAPL,192.01,2855
GOOG,2819.41,2099
MSFT,344.38,3022
TSLA,262.61,2622
AMZN,145.77,2522
META,328.61,2322
NVDA,503.81,4401
JPM,165.81,3699
V,251.38,2788
AAPL,192.15,2866
GOOG,2819.55,2101
MSFT,344.41,3035
TSLA,262.77,2635
AMZN,145.81,2535
META,328.77,2335
NVDA,503.99,4411
JPM,165.99,3701
V,251.41,2799
AAPL,192.22,2888
GOOG,2819.61,2115
MSFT,344.55,3055
TSLA,262.81,2655
AMZN,145.99,2555
META,328.81,2355
NVDA,504.01,4422
JPM,166.01,3711
V,251.55,2801
AAPL,192.28,2899
GOOG,2819.77,2122
MSFT,344.61,3066
TSLA,262.99,2666
AMZN,146.01,2566
META,328.99,2366
NVDA,504.15,4433
JPM,166.15,3722
V,251.61,2815
AAPL,192.33,2901
GOOG,2819.81,2135
MSFT,344.77,3088
TSLA,263.01,2688
AMZN,146.15,2588
META,329.01,2388
NVDA,504.22,4455
JPM,166.22,3735
V,251.77,2822
AAPL,192.48,2915
GOOG,2819.99,2155
MSFT,344.81,3099
TSLA,263.15,2699
AMZN,146.22,2599
META,329.15,2399
NVDA,504.38,4466
JPM,166.38,3755
V,251.81,2835
AAPL,192.51,2922
GOOG,2820.01,2166
MSFT,344.99,3101
TSLA,263.22,2701
AMZN,146.38,2601
META,329.22,2401
NVDA,504.41,4488
JPM,166.41,3766
V,251.99,2855
AAPL,192.55,2935
GOOG,2820.15,2188
MSFT,345.01,3115
TSLA,263.38,2715
AMZN,146.41,2615
META,329.38,2411
NVDA,504.55,4499
JPM,166.55,3788
V,252.01,2866
AAPL,192.61,2955
GOOG,2820.22,2199
MSFT,345.15,3122
TSLA,263.41,2722
AMZN,146.55,2622
META,329.41,2422
NVDA,504.61,4501
JPM,166.61,3799
V,252.15,2888
AAPL,192.77,2966
GOOG,2820.38,2201
MSFT,345.22,3135
TSLA,263.55,2735
AMZN,146.61,2635
META,329.55,2435
NVDA,504.77,4511
JPM,166.77,3801
V,252.22,2899
AAPL,192.81,2988
GOOG,2820.41,2215
MSFT,345.38,3155
TSLA,263.61,2755
AMZN,146.77,2655
META,329.61,2455
NVDA,504.81,4522
JPM,166.81,3811
V,252.38,2901
AAPL,192.88,2999
GOOG,2820.55,2222
MSFT,345.41,3166
TSLA,263.77,2766
AMZN,146.81,2666
META,329.77,2466
NVDA,504.99,4533
JPM,166.99,3822
V,252.41,2915
AAPL,192.91,3001
GOOG,2820.61,2235
MSFT,345.55,3188
TSLA,263.81,2788
AMZN,146.99,2688
META,329.81,2488
NVDA,505.01,4555
JPM,167.01,3835
V,252.55,2922
AAPL,192.99,3015
GOOG,2820.77,2255
MSFT,345.61,3199
TSLA,263.99,2799
AMZN,147.01,2699
META,329.99,2499
NVDA,505.15,4566
JPM,167.15,3855
V,252.61,2935
AAPL,193.01,3022
GOOG,2820.81,2266
MSFT,345.77,3201
TSLA,264.01,2801
AMZN,147.15,2701
META,330.01,2501
NVDA,505.22,4588
JPM,167.22,3866
V,252.77,2955
AAPL,193.15,3035
GOOG,2820.99,2288
MSFT,345.81,3215
TSLA,264.15,2815
AMZN,147.22,2715
META,330.15,2511
NVDA,505.38,4599
JPM,167.38,3888
V,252.81,2966
AAPL,193.22,3055
GOOG,2821.01,2299
MSFT,345.99,3222
TSLA,264.22,2822
AMZN,147.38,2722
META,330.22,2522
NVDA,505.41,4601
JPM,167.41,3899
V,252.99,2988
AAPL,193.28,3066
GOOG,2821.15,2301
MSFT,346.01,3235
TSLA,264.38,2835
AMZN,147.41,2735
META,330.38,2535
NVDA,505.55,4611
JPM,167.55,3901
V,253.01,2999
AAPL,193.33,3088
GOOG,2821.22,2315
MSFT,346.15,3255
TSLA,264.41,2855
AMZN,147.55,2755
META,330.41,2555
NVDA,505.61,4622
JPM,167.61,3911
V,253.15,3001
AAPL,193.48,3099
GOOG,2821.38,2322
MSFT,346.22,3266
TSLA,264.55,2866
AMZN,147.61,2766
META,330.55,2566
NVDA,505.77,4633
JPM,167.77,3922
V,253.22,3015
AAPL,193.51,3101
GOOG,2821.41,2335
MSFT,346.38,3288
TSLA,264.61,2888
AMZN,147.77,2788
META,330.61,2588
NVDA,505.81,4655
JPM,167.81,3935
V,253.38,3022
AAPL,193.55,3115
GOOG,2821.55,2355
MSFT,346.41,3299
TSLA,264.77,2899
AMZN,147.81,2799
META,330.77,2599
NVDA,505.99,4666
JPM,167.99,3955
V,253.41,3035
AAPL,193.61,3122
GOOG,2821.61,2366
MSFT,346.55,3301
TSLA,264.81,2901
AMZN,147.99,2801
META,330.81,2601
NVDA,506.01,4688
JPM,168.01,3966
V,253.55,3055
AAPL,193.77,3135
GOOG,2821.77,2388
MSFT,346.61,3315
TSLA,264.99,2915
AMZN,148.01,2815
META,330.99,2611
NVDA,506.15,4699
JPM,168.15,3988
V,253.61,3066
AAPL,193.81,3155
GOOG,2821.81,2399
MSFT,346.77,3322
TSLA,265.01,2922
AMZN,148.15,2822
META,331.01,2622
NVDA,506.22,4701
JPM,168.22,3999
V,253.77,3088
AAPL,193.88,3166
GOOG,2821.99,2401
MSFT,346.81,3335
TSLA,265.15,2935
AMZN,148.22,2835
META,331.15,2635
NVDA,506.38,4711
JPM,168.38,4001
V,253.81,3099
AAPL,193.91,3188
GOOG,2822.01,2415
MSFT,346.99,3355
TSLA,265.22,2955
AMZN,148.38,2855
META,331.22,2655
NVDA,506.41,4722
JPM,168.41,4011
V,253.99,3101
AAPL,193.99,3199
GOOG,2822.15,2422
MSFT,347.01,3366
TSLA,265.38,2966
AMZN,148.41,2866
META,331.38,2666
NVDA,506.55,4733
JPM,168.55,4022
V,254.01,3115
Of course. Here are 1000 rows of simulated stock data in the format you provided.

**Note:** This is randomly generated data for placeholder or testing purposes and does not represent actual market data.

```
META,322.62,1575
NVDA,495.96,3593
JPM,159.13,2903
V,245.05,1991
AAPL,187.45,2103
GOOG,2814.73,1303
MSFT,337.83,2223
TSLA,255.80,1839
AMZN,140.09,1799
META,322.25,1551
NVDA,497.03,3543
JPM,159.90,2873
V,245.54,1983
AAPL,187.97,2118
GOOG,2810.15,1333
MSFT,337.66,2258
TSLA,255.83,1863
AMZN,139.75,1783
META,322.36,1568
NVDA,496.34,3588
JPM,159.45,2888
V,245.19,1988
AAPL,188.00,2128
GOOG,2813.12,1338
MSFT,337.99,2268
TSLA,256.28,1868
AMZN,140.08,1788
META,322.50,1578
NVDA,497.10,3598
JPM,159.80,2898
V,245.40,1998
AAPL,188.10,2138
GOOG,2813.50,1348
MSFT,338.20,2278
TSLA,256.60,1878
AMZN,140.20,1798
META,322.70,1588
NVDA,497.40,3608
JPM,160.00,2908
V,245.60,2008
AAPL,188.20,2148
GOOG,2814.00,1358
MSFT,338.40,2288
TSLA,256.80,1888
AMZN,140.40,1808
META,322.90,1598
NVDA,497.70,3618
JPM,160.20,2918
V,245.80,2018
AAPL,188.30,2158
GOOG,2814.50,1368
MSFT,338.60,2298
TSLA,257.00,1898
AMZN,140.60,1818
META,323.10,1608
NVDA,498.00,3628
JPM,160.40,2928
V,246.00,2028
AAPL,188.40,2168
GOOG,2815.00,1378
MSFT,338.80,2308
TSLA,257.20,1908
AMZN,140.80,1828
META,323.30,1618
NVDA,498.30,3638
JPM,160.60,2938
V,246.20,2038
AAPL,188.50,2178
GOOG,2815.50,1388
MSFT,339.00,2318
TSLA,257.40,1918
AMZN,141.00,1838
META,323.50,1628
NVDA,498.60,3648
JPM,160.80,2948
V,246.40,2048
AAPL,188.60,2188
GOOG,2816.00,1398
MSFT,339.20,2328
TSLA,257.60,1928
AMZN,141.20,1848
META,323.70,1638
NVDA,498.90,3658
JPM,161.00,2958
V,246.60,2058
AAPL,188.70,2198
GOOG,2816.50,1408
MSFT,339.40,2338
TSLA,257.80,1938
AMZN,141.40,1858
META,323.90,1648
NVDA,499.20,3668
JPM,161.20,2968
V,246.80,2068
AAPL,188.80,2208
GOOG,2817.00,1418
MSFT,339.60,2348
TSLA,258.00,1948
AMZN,141.60,1868
META,324.10,1658
NVDA,499.50,3678
JPM,161.40,2978
V,247.00,2078
AAPL,188.90,2218
GOOG,2817.50,1428
MSFT,339.80,2358
TSLA,258.20,1958
AMZN,141.80,1878
META,324.30,1668
NVDA,499.80,3688
JPM,161.60,2988
V,247.20,2088
AAPL,189.00,2228
GOOG,2818.00,1438
MSFT,340.00,2368
TSLA,258.40,1968
AMZN,142.00,1888
META,324.50,1678
NVDA,500.10,3698
JPM,161.80,2998
V,247.40,2098
AAPL,189.10,2238
GOOG,2818.50,1448
MSFT,340.20,2378
TSLA,258.60,1978
AMZN,142.20,1898
META,324.70,1688
NVDA,500.40,3708
JPM,162.00,3008
V,247.60,2108
AAPL,189.20,2248
GOOG,2819.00,1458
MSFT,340.40,2388
TSLA,258.80,1988
AMZN,142.40,1908
META,324.90,1698
NVDA,500.70,3718
JPM,162.20,3018
V,247.80,2118
AAPL,189.30,2258
GOOG,2819.50,1468
MSFT,340.60,2398
TSLA,259.00,1998
AMZN,142.60,1918
META,325.10,1708
NVDA,501.00,3728
JPM,162.40,3028
V,248.00,2128
AAPL,189.40,2268
GOOG,2820.00,1478
MSFT,340.80,2408
TSLA,259.20,2008
AMZN,142.80,1928
META,325.30,1718
NVDA,501.30,3738
JPM,162.60,3038
V,248.20,2138
AAPL,189.50,2278
GOOG,2820.50,1488
MSFT,341.00,2418
TSLA,259.40,2018
AMZN,143.00,1938
META,325.50,1728
NVDA,501.60,3748
JPM,162.80,3048
V,248.40,2148
AAPL,189.60,2288
GOOG,2821.00,1498
MSFT,341.20,2428
TSLA,259.60,2028
AMZN,143.20,1948
META,325.70,1738
NVDA,501.90,3758
JPM,163.00,3058
V,248.60,2158
AAPL,189.70,2298
GOOG,2821.50,1508
MSFT,341.40,2438
TSLA,259.80,2038
AMZN,143.40,1958
META,325.90,1748
NVDA,502.20,3768
JPM,163.20,3068
V,248.80,2168
AAPL,189.80,2308
GOOG,2822.00,1518
MSFT,341.60,2448
TSLA,260.00,2048
AMZN,143.60,1968
META,326.10,1758
NVDA,502.50,3778
JPM,163.40,3078
V,249.00,2178
AAPL,189.90,2318
GOOG,2822.50,1528
MSFT,341.80,2458
TSLA,260.20,2058
AMZN,143.80,1978
META,326.30,1768
NVDA,502.80,3788
JPM,163.60,3088
V,249.20,2188
AAPL,190.00,2328
GOOG,2823.00,1538
MSFT,342.00,2468
TSLA,260.40,2068
AMZN,144.00,1988
META,326.50,1778
NVDA,503.10,3798
JPM,163.80,3098
V,249.40,2198
AAPL,190.10,2338
GOOG,2823.50,1548
MSFT,342.20,2478
TSLA,260.60,2078
AMZN,144.20,1998
META,326.70,1788
NVDA,503.40,3808
JPM,164.00,3108
V,249.60,2208
AAPL,190.20,2348
GOOG,2824.00,1558
MSFT,342.40,2488
TSLA,260.80,2088
AMZN,144.40,2008
META,326.90,1798
NVDA,503.70,3818
JPM,164.20,3118
V,249.80,2218
AAPL,190.30,2358
GOOG,2824.50,1568
MSFT,342.60,2498
TSLA,261.00,2098
AMZN,144.60,2018
META,327.10,1808
NVDA,504.00,3828
JPM,164.40,3128
V,250.00,2228
AAPL,190.40,2368
GOOG,2825.00,1578
MSFT,342.80,2508
TSLA,261.20,2108
AMZN,144.80,2028
META,327.30,1818
NVDA,504.30,3838
JPM,164.60,3138
V,250.20,2238
AAPL,190.50,2378
GOOG,2825.50,1588
MSFT,343.00,2518
TSLA,261.40,2118
AMZN,145.00,2038
META,327.50,1828
NVDA,504.60,3848
JPM,164.80,3148
V,250.40,2248
AAPL,190.60,2388
GOOG,2826.00,1598
MSFT,343.20,2528
TSLA,261.60,2128
AMZN,145.20,2048
META,327.70,1838
NVDA,504.90,3858
JPM,165.00,3158
V,250.60,2258
AAPL,190.70,2398
GOOG,2826.50,1608
MSFT,343.40,2538
TSLA,261.80,2138
AMZN,145.40,2058
META,327.90,1848
NVDA,505.20,3868
JPM,165.20,3168
V,250.80,2268
AAPL,190.80,2408
GOOG,2827.00,1618
MSFT,343.60,2548
TSLA,262.00,2148
AMZN,145.60,2068
META,328.10,1858
NVDA,505.50,3878
JPM,165.40,3178
V,251.00,2278
AAPL,190.90,2418
GOOG,2827.50,1628
MSFT,343.80,2558
TSLA,262.20,2158
AMZN,145.80,2078
META,328.30,1868
NVDA,505.80,3888
JPM,165.60,3188
V,251.20,2288
AAPL,191.00,2428
GOOG,2828.00,1638
MSFT,344.00,2568
TSLA,262.40,2168
AMZN,146.00,2088
META,328.50,1878
NVDA,506.10,3898
JPM,165.80,3198
V,251.40,2298
AAPL,191.10,2438
GOOG,2828.50,1648
MSFT,344.20,2578
TSLA,262.60,2178
AMZN,146.20,2098
META,328.70,1888
NVDA,506.40,3908
JPM,166.00,3208
V,251.60,2308
AAPL,191.20,2448
GOOG,2829.00,1658
MSFT,344.40,2588
TSLA,262.80,2188
AMZN,146.40,2108
META,328.90,1898
NVDA,506.70,3918
JPM,166.20,3218
V,251.80,2318
AAPL,191.30,2458
GOOG,2829.50,1668
MSFT,344.60,2598
TSLA,263.00,2198
AMZN,146.60,2118
META,329.10,1908
NVDA,507.00,3928
JPM,166.40,3228
V,252.00,2328
AAPL,191.40,2468
GOOG,2830.00,1678
MSFT,344.80,2608
TSLA,263.20,2208
AMZN,146.80,2128
META,329.30,1918
NVDA,507.30,3938
JPM,166.60,3238
V,252.20,2338
AAPL,191.50,2478
GOOG,2830.50,1688
MSFT,345.00,2618
TSLA,263.40,2218
AMZN,147.00,2138
META,329.50,1928
NVDA,507.60,3948
JPM,166.80,3248
V,252.40,2348
AAPL,191.60,2488
GOOG,2831.00,1698
MSFT,345.20,2628
TSLA,263.60,2228
AMZN,147.20,2148
META,329.70,1938
NVDA,507.90,3958
JPM,167.00,3258
V,252.60,2358
AAPL,191.70,2498
GOOG,2831.50,1708
MSFT,345.40,2638
TSLA,263.80,2238
AMZN,147.40,2158
META,329.90,1948
NVDA,508.20,3968
JPM,167.20,3268
V,252.80,2368
AAPL,191.80,2508
GOO,2832.00,1718
MSFT,345.60,2648
TSLA,264.00,2248
AMZN,147.60,2168
META,330.10,1958
NVDA,508.50,3978
JPM,167.40,3278
V,253.00,2378
AAPL,191.90,2518
GOOG,2832.50,1728
MSFT,345.80,2658
TSLA,264.20,2258
AMZN,147.80,2178
META,330.30,1968
NVDA,508.80,3988
JPM,167.60,3288
V,253.20,2388
AAPL,192.00,2528
GOOG,2833.00,1738
MSFT,346.00,2668
TSLA,264.40,2268
AMZN,148.00,2188
META,330.50,1978
NVDA,509.10,3998
JPM,167.80,3298
V,253.40,2398
AAPL,192.10,2538
GOOG,2833.50,1748
MSFT,346.20,2678
TSLA,264.60,2278
AMZN,148.20,2198
META,330.70,1988
NVDA,509.40,4008
JPM,168.00,3308
V,253.60,2408
AAPL,192.20,2548
GOOG,2834.00,1758
MSFT,346.40,2688
TSLA,264.80,2288
AMZN,148.40,2208
META,330.90,1998
NVDA,509.70,4018
JPM,168.20,3318
V,253.80,2418
AAPL,192.30,2558
GOOG,2834.50,1768
MSFT,346.60,2698
TSLA,265.00,2298
AMZN,148.60,2218
META,331.10,2008
NVDA,510.00,4028
JPM,168.40,3328
V,254.00,2428
AAPL,192.40,2568
GOOG,2835.00,1778
MSFT,346.80,2708
TSLA,265.20,2308
AMZN,148.80,2228
META,331.30,2018
NVDA,510.30,4038
JPM,168.60,3338
V,254.20,2438
AAPL,192.50,2578
GOOG,2835.50,1788
MSFT,347.00,2718
TSLA,265.40,2318
AMZN,149.00,2238
META,331.50,2028
NVDA,510.60,4048
JPM,168.80,3348
V,254.40,2448
AAPL,192.60,2588
GOOG,2836.00,1798
MSFT,347.20,2728
TSLA,265.60,2328
AMZN,149.20,2248
META,331.70,2038
NVDA,510.90,4058
JPM,169.00,3358
V,254.60,2458
AAPL,192.70,2598
GOOG,2836.50,1808
MSFT,347.40,2738
TSLA,265.80,2338
AMZN,149.40,2258
META,331.90,2048
NVDA,511.20,4068
JPM,169.20,3368
V,254.80,2468
AAPL,192.80,2608
GOOG,2837.00,1818
MSFT,347.60,2748
TSLA,266.00,2348
AMZN,149.60,2268
META,332.10,2058
NVDA,511.50,4078
JPM,169.40,3378
V,255.00,2478
AAPL,192.90,2618
GOOG,2837.50,1828
MSFT,347.80,2758
TSLA,266.20,2358
AMZN,149.80,2278
META,332.30,2068
NVDA,511.80,4088
JPM,169.60,3388
V,255.20,2488
AAPL,193.00,2628
GOOG,2838.00,1838
MSFT,348.00,2768
TSLA,266.40,2368
AMZN,150.00,2288
META,332.50,2078
NVDA,512.10,4098
JPM,169.80,3398
V,255.40,2498
AAPL,193.10,2638
GOOG,2838.50,1848
MSFT,348.20,2778
TSLA,266.60,2378
AMZN,150.20,2298
META,332.70,2088
NVDA,512.40,4108
JPM,170.00,3408
V,255.60,2508
AAPL,193.20,2648
GOOG,2839.00,1858
MSFT,348.40,2788
TSLA,266.80,2388
AMZN,150.40,2308
META,332.90,2098
NVDA,512.70,4118
JPM,170.20,3418
V,255.80,2518
AAPL,193.30,2658
GOOG,2839.50,1868
MSFT,348.60,2798
TSLA,267.00,2398
AMZN,150.60,2318
META,333.10,2108
NVDA,513.00,4128
JPM,170.40,3428
V,256.00,2528
AAPL,193.40,2668
GOOG,2840.00,1878
MSFT,348.80,2808
TSLA,267.20,2408
AMZN,150.80,2328
META,333.30,2118
NVDA,513.30,4138
JPM,170.60,3438
V,256.20,2538
AAPL,193.50,2678
GOOG,2840.50,1888
MSFT,349.00,2818
TSLA,267.40,2418
AMZN,151.00,2338
META,333.50,2128
NVDA,513.60,4148
JPM,170.80,3448
V,256.40,2548
AAPL,193.60,2688
GOOG,2841.00,1898
MSFT,349.20,2828
TSLA,267.60,2428
AMZN,151.20,2348
META,333.70,2138
NVDA,513.90,4158
JPM,171.00,3458
V,256.60,2558
AAPL,193.70,2698
GOOG,2841.50,1908
MSFT,349.40,2838
TSLA,267.80,2438
AMZN,151.40,2358
META,333.90,2148
NVDA,514.20,4168
JPM,171.20,3468
V,256.80,2568
AAPL,193.80,2708
GOOG,2842.00,1918
MSFT,349.60,2848
TSLA,268.00,2448
AMZN,151.60,2368
META,334.10,2158
NVDA,514.50,4178
JPM,171.40,3478
V,257.00,2578
AAPL,193.90,2718
GOOG,2842.50,1928
MSFT,349.80,2858
TSLA,268.20,2458
AMZN,151.80,2378
META,334.30,2168
NVDA,514.80,4188
JPM,171.60,3488
V,257.20,2588
AAPL,194.00,2728
GOOG,2843.00,1938
MSFT,350.00,2868
TSLA,268.40,2468
AMZN,152.00,2388
META,334.50,2178
NVDA,515.10,4198
JPM,171.80,3498
V,257.40,2598
AAPL,194.10,2738
GOOG,2843.50,1948
MSFT,350.20,2878
TSLA,268.60,2478
AMZN,152.20,2398
META,334.70,2188
NVDA,515.40,4208
JPM,172.00,3508
V,257.60,2608
AAPL,194.20,2748
GOOG,2844.00,1958
MSFT,350.40,2888
TSLA,268.80,2488
AMZN,152.40,2408
META,334.90,2198
NVDA,515.70,4218
JPM,172.20,3518
V,257.80,2618
AAPL,194.30,2758
GOOG,2844.50,1968
MSFT,350.60,2898
TSLA,269.00,2498
AMZN,152.60,2418
META,335.10,2208
NVDA,516.00,4228
JPM,172.40,3528
V,258.00,2628
AAPL,194.40,2768
GOOG,2845.00,1978
MSFT,350.80,2908
TSLA,269.20,2508
AMZN,152.80,2428
META,335.30,2218
NVDA,516.30,4238
JPM,172.60,3538
V,258.20,2638
AAPL,194.50,2778
GOOG,2845.50,1988
MSFT,351.00,2918
TSLA,269.40,2518
AMZN,153.00,2438
META,335.50,2228
NVDA,516.60,4248
JPM,172.80,3548
V,258.40,2648
AAPL,194.60,2788
GOOG,2846.00,1998
MSFT,351.20,2928
TSLA,269.60,2528
AMZN,153.20,2448
META,335.70,2238
NVDA,516.90,4258
JPM,173.00,3558
V,258.60,2658
AAPL,194.70,2798
GOOG,2846.50,2008
MSFT,351.40,2938
TSLA,269.80,2538
AMZN,153.40,2458
META,335.90,2248
NVDA,517.20,4268
JPM,173.20,3568
V,258.80,2668
AAPL,194.80,2808
GOOG,2847.00,2018
MSFT,351.60,2948
TSLA,270.00,2548
AMZN,153.60,2468
META,336.10,2258
NVDA,517.50,4278
JPM,173.40,3578
V,259.00,2678
AAPL,194.90,2818
GOOG,2847.50,2028
MSFT,351.80,2958
TSLA,270.20,2558
AMZN,153.80,2478
META,336.30,2268
NVDA,517.80,4288
JPM,173.60,3588
V,259.20,2688
AAPL,195.00,2828
GOOG,2848.00,2038
MSFT,352.00,2968
TSLA,270.40,2568
AMZN,154.00,2488
META,336.50,2278
NVDA,518.10,4298
JPM,173.80,3598
V,259.40,2698
AAPL,195.10,2838
GOOG,2848.50,2048
MSFT,352.20,2978
TSLA,270.60,2578
AMZN,154.20,2498
META,336.70,2288
NVDA,518.40,4308
JPM,174.00,3608
V,259.60,2708
AAPL,195.20,2848
GOOG,2849.00,2058
MSFT,352.40,2988
TSLA,270.80,2588
AMZN,154.40,2508
META,336.90,2298
NVDA,518.70,4318
JPM,174.20,3618
V,259.80,2718
AAPL,195.30,2858
GOOG,2849.50,2068
MSFT,352.60,2998
TSLA,271.00,2598
AMZN,154.60,2518
META,337.10,2308
NVDA,519.00,4328
JPM,174.40,3628
V,260.00,2728
AAPL,195.40,2868
GOOG,2850.00,2078
MSFT,352.80,3008
TSLA,271.20,2608
AMZN,154.80,2528
META,337.30,2318
NVDA,519.30,4338
JPM,174.60,3638
V,260.20,2738
AAPL,195.50,2878
GOOG,2850.50,2088
MSFT,353.00,3018
TSLA,271.40,2618
AMZN,155.00,2538
META,337.50,2328
NVDA,519.60,4348
JPM,174.80,3648
V,260.40,2748
AAPL,195.60,2888
GOOG,2851.00,2098
MSFT,353.20,3028
TSLA,271.60,2628
AMZN,155.20,2548
META,337.70,2338
NVDA,519.90,4358
JPM,175.00,3658
V,260.60,2758
AAPL,195.70,2898
GOOG,2851.50,2108
MSFT,353.40,3038
TSLA,271.80,2638
AMZN,155.40,2558
META,337.90,2348
NVDA,520.20,4368
JPM,175.20,3668
V,260.80,2768
AAPL,195.80,2908
GOOG,2852.00,2118
MSFT,353.60,3048
TSLA,272.00,2648
AMZN,155.60,2568
META,338.10,2358
NVDA,520.50,4378
JPM,175.40,3678
V,261.00,2778
AAPL,195.90,2918
GOOG,2852.50,2128
MSFT,353.80,3058
TSLA,272.20,2658
AMZN,155.80,2578
META,338.30,2368
NVDA,520.80,4388
JPM,175.60,3688
V,261.20,2788
AAPL,196.00,2928
GOOG,2853.00,2138
MSFT,354.00,3068
TSLA,272.40,2668
AMZN,156.00,2588
META,338.50,2378
NVDA,521.10,4398
JPM,175.80,3698
V,261.40,2798
AAPL,196.10,2938
GOOG,2853.50,2148
MSFT,354.20,3078
TSLA,272.60,2678
AMZN,156.20,2598
META,338.70,2388
NVDA,521.40,4408
JPM,176.00,3708
V,261.60,2808
AAPL,196.20,2948
GOOG,2854.00,2158
MSFT,354.40,3088
TSLA,272.80,2688
AMZN,156.40,2608
META,338.90,2398
NVDA,521.70,4418
JPM,176.20,3718
V,261.80,2818
AAPL,196.30,2958
GOOG,2854.50,2168
MSFT,354.60,3098
TSLA,273.00,2698
AMZN,156.60,2618
META,339.10,2408
NVDA,522.00,4428
JPM,176.40,3728
V,262.00,2828
AAPL,196.40,2968
GOOG,2855.00,2178
MSFT,354.80,3108
TSLA,273.20,2708
AMZN,156.80,2628
META,339.30,2418
NVDA,522.30,4438
JPM,176.60,3738
V,262.20,2838
AAPL,196.50,2978
GOOG,2855.50,2188
MSFT,355.00,3118
TSLA,273.40,2718
AMZN,157.00,2638
META,339.50,2428
NVDA,522.60,4448
JPM,176.80,3748
V,262.40,2848
AAPL,196.60,2988
GOOG,2856.00,2198
MSFT,355.20,3128
TSLA,273.60,2728
AMZN,157.20,2648
META,339.70,2438
NVDA,522.90,4458
JPM,177.00,3758
V,262.60,2858
AAPL,196.70,2998
GOOG,2856.50,2208
MSFT,355.40,3138
TSLA,273.80,2738
AMZN,157.40,2658
META,339.90,2448
NVDA,523.20,4468
JPM,177.20,3768
V,262.80,2868
AAPL,196.80,3008
GOOG,2857.00,2218
MSFT,355.60,3148
TSLA,274.00,2748
AMZN,157.60,2668
META,340.10,2458
NVDA,523.50,4478
JPM,177.40,3778
V,263.00,2878
AAPL,196.90,3018
GOOG,2857.50,2228
MSFT,355.80,3158
TSLA,274.20,2758
AMZN,157.80,2678
META,340.30,2468
NVDA,523.80,4488
JPM,177.60,3788
V,263.20,2888
AAPL,197.00,3028
GOOG,2858.00,2238
MSFT,356.00,3168
TSLA,274.40,2768
AMZN,158.00,2688
META,340.50,2478
NVDA,524.10,4498
JPM,177.80,3798
V,263.40,2898
AAPL,197.10,3038
GOOG,2858.50,2248
MSFT,356.20,3178
TSLA,274.60,2778
AMZN,158.20,2698
META,340.70,2488
NVDA,524.40,4508
JPM,178.00,3808
V,263.60,2908
AAPL,197.20,3048
GOOG,2859.00,2258
MSFT,356.40,3188
TSLA,274.80,2788
AMZN,158.40,2708
META,340.90,2498
NVDA,524.70,4518
JPM,178.20,3818
V,263.80,2918
AAPL,197.30,3058
GOOG,2859.50,2268
MSFT,356.60,3198
TSLA,275.00,2798
AMZN,158.60,2718
META,341.10,2508
NVDA,525.00,4528
JPM,178.40,3828
V,264.00,2928
AAPL,197.40,3068
GOOG,2860.00,2278
MSFT,356.80,3208
TSLA,275.20,2808
AMZN,158.80,2728
META,341.30,2518
NVDA,525.30,4538
JPM,178.60,3838
V,264.20,2938
AAPL,197.50,3078
GOOG,2860.50,2288
MSFT,357.00,3218
TSLA,275.40,2818
AMZN,159.00,2738
META,341.50,2528
NVDA,525.60,4548
JPM,178.80,3848
V,264.40,2948
AAPL,197.60,3088
GOOG,2861.00,2298
MSFT,357.20,3228
TSLA,275.60,2828
AMZN,159.20,2748
META,341.70,2538
NVDA,525.90,4558
JPM,179.00,3858
V,264.60,2958
AAPL,197.70,3098
GOOG,2861.50,2308
MSFT,357.40,3238
TSLA,275.80,2838
AMZN,159.40,2758
META,341.90,2548
NVDA,526.20,4568
JPM,179.20,3868
V,264.80,2968
AAPL,197.80,3108
GOOG,2862.00,2318
MSFT,357.60,3248
TSLA,276.00,2848
AMZN,159.60,2768
META,342.10,2558
NVDA,526.50,4578
JPM,179.40,3878
V,265.00,2978
AAPL,197.90,3118
GOOG,2862.50,2328
MSFT,357.80,3258
TSLA,276.20,2858
AMZN,159.80,2778
META,342.30,2568
NVDA,526.80,4588
JPM,179.60,3888
V,265.20,2988
AAPL,198.00,3128
GOOG,2863.00,2338
MSFT,358.00,3268
TSLA,276.40,2868
AMZN,160.00,2788
META,342.50,2578
NVDA,527.10,4598
JPM,179.80,3898
V,265.40,2998
AAPL,198.10,3138
GOOG,2863.50,2348
MSFT,358.20,3278
TSLA,276.60,2878
AMZN,160.20,2798
META,342.70,2588
NVDA,527.40,4608
JPM,180.00,3908
V,265.60,3008
AAPL,198.20,3148
GOOG,2864.00,2358
MSFT,358.40,3288
TSLA,276.80,2888
AMZN,160.40,2808
META,342.90,2598
NVDA,527.70,4618
JPM,180.20,3918
V,265.80,3018
AAPL,198.30,3158
GOOG,2864.50,2368
MSFT,358.60,3298
TSLA,277.00,2898
AMZN,160.60,2818
META,343.10,2608
NVDA,528.00,4628
JPM,180.40,3928
V,266.00,3028
AAPL,198.40,3168
GOOG,2865.00,2378
MSFT,358.80,3308
TSLA,277.20,2908
AMZN,160.80,2828
META,343.30,2618
NVDA,528.30,4638
JPM,180.60,3938
V,266.20,3038
AAPL,198.50,3178
GOOG,2865.50,2388
MSFT,359.00,3318
TSLA,277.40,2918
AMZN,161.00,2838
META,343.50,2628
NVDA,528.60,4648
JPM,180.80,3948
V,266.40,3048
AAPL,198.60,3188
GOOG,2866.00,2398
MSFT,359.20,3328
TSLA,277.60,2928
AMZN,161.20,2848
META,343.70,2638
NVDA,528.90,4658
JPM,181.00,3958
V,266.60,3058
AAPL,198.70,3198
GOOG,2866.50,2408
MSFT,359.40,3338
TSLA,277.80,2938
AMZN,161.40,2858
META,343.90,2648
NVDA,529.20,4668
JPM,181.20,3968
V,266.80,3068
AAPL,198.80,3208
GOOG,2867.00,2418
MSFT,359.60,3348
TSLA,278.00,2948
AMZN,161.60,2868
META,344.10,2658
NVDA,529.50,4678
JPM,181.40,3978
V,267.00,3078
AAPL,198.90,3218
GOOG,2867.50,2428
MSFT,359.80,3358
TSLA,278.20,2958
AMZN,161.80,2878
META,344.30,2668
NVDA,529.80,4688
JPM,181.60,3988
V,267.20,3088
AAPL,199.00,3228
GOOG,2868.00,2438
MSFT,360.00,3368
TSLA,278.40,2968
AMZN,162.00,2888
META,344.50,2678
NVDA,530.10,4698
JPM,181.80,3998
V,267.40,3098
AAPL,199.10,3238
GOOG,2868.50,2448
MSFT,360.20,3378
TSLA,278.60,2978
AMZN,162.20,2898
META,344.70,2688
NVDA,530.40,4708
JPM,182.00,4008
V,267.60,3108
AAPL,199.20,3248
GOOG,2869.00,2458
MSFT,360.40,3388
TSLA,278.80,2988
AMZN,162.40,2908
META,344.90,2698
NVDA,530.70,4718
JPM,182.20,4018
V,267.80,3118
AAPL,199.30,3258
GOOG,2869.50,2468
MSFT,360.60,3398
TSLA,279.00,2998
AMZN,162.60,2918
META,345.10,2708
NVDA,531.00,4728
JPM,182.40,4028
V,268.00,3128
AAPL,199.40,3268
GOOG,2870.00,2478
MSFT,360.80,3408
TSLA,279.20,3008
AMZN,162.80,2928
META,345.30,2718
NVDA,531.30,4738
JPM,182.60,4038
V,268.20,3138
AAPL,199.50,3278
GOOG,2870.50,2488
MSFT,361.00,3418
TSLA,279.40,3018
AMZN,163.00,2938
META,345.50,2728
NVDA,531.60,4748
JPM,182.80,4048
V,268.40,3148
AAPL,199.60,3288
GOOG,2871.00,2498
MSFT,361.20,3428
TSLA,279.60,3028
AMZN,163.20,2948
META,345.70,2738
NVDA,531.90,4758
JPM,183.00,4058
V,268.60,3158
AAPL,199.70,3298
GOOG,2871.50,2508
MSFT,361.40,3438
TSLA,279.80,3038
AMZN,163.40,2958
META,345.90,2748
NVDA,532.20,4768
JPM,183.20,4068
V,268.80,3168
AAPL,199.80,3308
GOOG,2872.00,2518
MSFT,361.60,3448
TSLA,280.00,3048
AMZN,163.60,2968
META,346.10,2758
NVDA,532.50,4778
JPM,183.40,4078
V,269.00,3178
AAPL,199.90,3318
GOOG,2872.50,2528
MSFT,361.80,3458
TSLA,280.20,3058
AMZN,163.80,2978
META,346.30,2768
NVDA,532.80,4788
JPM,183.60,4088
V,269.20,3188
AAPL,200.00,3328
GOOG,2873.00,2538
MSFT,362.00,3468
TSLA,280.40,3068
AMZN,164.00,2988
META,346.50,2778
NVDA,533.10,4798
JPM,183.80,4098
V,269.40,3198
META,322.61,1575
NVDA,497.15,3591
JPM,159.68,2895
V,245.17,1993
AAPL,188.02,2115
GOOG,2812.53,1348
MSFT,338.11,2276
TSLA,256.48,1883
AMZN,139.92,1804
META,322.55,1582
NVDA,497.23,3605
JPM,159.71,2898
V,245.22,1998
AAPL,188.05,2123
GOOG,2812.49,1352
MSFT,338.15,2284
TSLA,256.53,1878
AMZN,139.88,1796
META,322.63,1578
NVDA,497.18,3595
JPM,159.75,2903
V,245.19,1995
AAPL,188.01,2118
GOOG,2812.56,1346
MSFT,338.09,2279
TSLA,256.51,1881
AMZN,139.94,1802
META,322.49,1585
NVDA,497.28,3608
JPM,159.72,2896
V,245.25,2003
AAPL,188.08,2125
GOOG,2812.61,1355
MSFT,338.18,2288
TSLA,256.57,1885
AMZN,139.97,1807
META,322.58,1576
NVDA,497.31,3611
JPM,159.78,2907
V,245.28,2006
AAPL,188.11,2129
GOOG,2812.58,1351
MSFT,338.21,2291
TSLA,256.61,1889
AMZN,140.01,1811
META,322.65,1583
NVDA,497.27,3604
JPM,159.81,2911
V,245.31,2009
AAPL,188.14,2132
GOOG,2812.64,1358
MSFT,338.25,2295
TSLA,256.65,1893
AMZN,140.05,1815
META,322.71,1588
NVDA,497.35,3615
JPM,159.85,2915
V,245.35,2013
AAPL,188.17,2136
GOOG,2812.69,1361
MSFT,338.29,2299
TSLA,256.69,1897
AMZN,140.09,1819
META,322.75,1592
NVDA,497.41,3620
JPM,159.89,2919
V,245.39,2017
AAPL,188.21,2140
GOOG,2812.73,1364
MSFT,338.33,2303
TSLA,256.73,1901
AMZN,140.13,1823
META,322.80,1596
NVDA,497.46,3625
JPM,159.93,2923
V,245.43,2021
AAPL,188.24,2144
GOOG,2812.78,1367
MSFT,338.37,2307
TSLA,256.77,1905
AMZN,140.17,1827
META,322.85,1600
NVDA,497.52,3630
JPM,159.97,2927
V,245.47,2025
AAPL,188.28,2148
GOOG,2812.82,1370
MSFT,338.41,2311
TSLA,256.81,1909
AMZN,140.21,1831
META,322.90,1604
NVDA,497.58,3635
JPM,160.01,2931
V,245.51,2029
AAPL,188.31,2152
GOOG,2812.87,1373
MSFT,338.45,2315
TSLA,256.85,1913
AMZN,140.25,1835
META,322.95,1608
NVDA,497.64,3640
JPM,160.05,2935
V,245.55,2033
AAPL,188.35,2156
GOOG,2812.92,1376
MSFT,338.49,2319
TSLA,256.89,1917
AMZN,140.29,1839
META,323.00,1612
NVDA,497.70,3645
JPM,160.09,2939
V,245.59,2037
AAPL,188.39,2160
GOOG,2812.97,1379
MSFT,338.53,2323
TSLA,256.93,1921
AMZN,140.33,1843
META,323.05,1616
NVDA,497.76,3650
JPM,160.13,2943
V,245.63,2041
AAPL,188.43,2164
GOOG,2813.02,1382
MSFT,338.57,2327
TSLA,256.97,1925
AMZN,140.37,1847
META,323.10,1620
NVDA,497.82,3655
JPM,160.17,2947
V,245.67,2045
AAPL,188.47,2168
GOOG,2813.07,1385
MSFT,338.61,2331
TSLA,257.01,1929
AMZN,140.41,1851
META,323.15,1624
NVDA,497.88,3660
JPM,160.21,2951
V,245.71,2049
AAPL,188.51,2172
GOOG,2813.12,1388
MSFT,338.65,2335
TSLA,257.05,1933
AMZN,140.45,1855
META,323.20,1628
NVDA,497.94,3665
JPM,160.25,2955
V,245.75,2053
AAPL,188.55,2176
GOOG,2813.17,1391
MSFT,338.69,2339
TSLA,257.09,1937
AMZN,140.49,1859
META,323.25,1632
NVDA,498.00,3670
JPM,160.29,2959
V,245.79,2057
AAPL,188.59,2180
GOOG,2813.22,1394
MSFT,338.73,2343
TSLA,257.13,1941
AMZN,140.53,1863
META,323.30,1636
NVDA,498.06,3675
JPM,160.33,2963
V,245.83,2061
AAPL,188.63,2184
GOOG,2813.27,1397
MSFT,338.77,2347
TSLA,257.17,1945
AMZN,140.57,1867
META,323.35,1640
NVDA,498.12,3680
JPM,160.37,2967
V,245.87,2065
AAPL,188.67,2188
GOOG,2813.32,1400
MSFT,338.81,2351
TSLA,257.21,1949
AMZN,140.61,1871
META,323.40,1644
NVDA,498.18,3685
JPM,160.41,2971
V,245.91,2069
AAPL,188.71,2192
GOOG,2813.37,1403
MSFT,338.85,2355
TSLA,257.25,1953
AMZN,140.65,1875
META,323.45,1648
NVDA,498.24,3690
JPM,160.45,2975
V,245.95,2073
AAPL,188.75,2196
GOOG,2813.42,1406
MSFT,338.89,2359
TSLA,257.29,1957
AMZN,140.69,1879
META,323.50,1652
NVDA,498.30,3695
JPM,160.49,2979
V,245.99,2077
AAPL,188.79,2200
GOOG,2813.47,1409
MSFT,338.93,2363
TSLA,257.33,1961
AMZN,140.73,1883
META,323.55,1656
NVDA,498.36,3700
JPM,160.53,2983
V,246.03,2081
AAPL,188.83,2204
GOOG,2813.52,1412
MSFT,338.97,2367
TSLA,257.37,1965
AMZN,140.77,1887
META,323.60,1660
NVDA,498.42,3705
JPM,160.57,2987
V,246.07,2085
AAPL,188.87,2208
GOOG,2813.57,1415
MSFT,339.01,2371
TSLA,257.41,1969
AMZN,140.81,1891
META,323.65,1664
NVDA,498.48,3710
JPM,160.61,2991
V,246.11,2089
AAPL,188.91,2212
GOOG,2813.62,1418
MSFT,339.05,2375
TSLA,257.45,1973
AMZN,140.85,1895
META,323.70,1668
NVDA,498.54,3715
JPM,160.65,2995
V,246.15,2093
AAPL,188.95,2216
GOOG,2813.67,1421
MSFT,339.09,2379
TSLA,257.49,1977
AMZN,140.89,1899
META,323.75,1672
NVDA,498.60,3720
JPM,160.69,2999
V,246.19,2097
AAPL,188.99,2220
GOOG,2813.72,1424
MSFT,339.13,2383
TSLA,257.53,1981
AMZN,140.93,1903
META,323.80,1676
NVDA,498.66,3725
JPM,160.73,3003
V,246.23,2101
AAPL,189.03,2224
GOOG,2813.77,1427
MSFT,339.17,2387
TSLA,257.57,1985
AMZN,140.97,1907
META,323.85,1680
NVDA,498.72,3730
JPM,160.77,3007
V,246.27,2105
AAPL,189.07,2228
GOOG,2813.82,1430
MSFT,339.21,2391
TSLA,257.61,1989
AMZN,141.01,1911
META,323.90,1684
NVDA,498.78,3735
JPM,160.81,3011
V,246.31,2109
AAPL,189.11,2232
GOOG,2813.87,1433
MSFT,339.25,2395
TSLA,257.65,1993
AMZN,141.05,1915
META,323.95,1688
NVDA,498.84,3740
JPM,160.85,3015
V,246.35,2113
AAPL,189.15,2236
GOOG,2813.92,1436
MSFT,339.29,2399
TSLA,257.69,1997
AMZN,141.09,1919
META,324.00,1692
NVDA,498.90,3745
JPM,160.89,3019
V,246.39,2117
AAPL,189.19,2240
GOOG,2813.97,1439
MSFT,339.33,2403
TSLA,257.73,2001
AMZN,141.13,1923
META,324.05,1696
NVDA,498.96,3750
JPM,160.93,3023
V,246.43,2121
AAPL,189.23,2244
GOOG,2814.02,1442
MSFT,339.37,2407
TSLA,257.77,2005
AMZN,141.17,1927
META,324.10,1700
NVDA,499.02,3755
JPM,160.97,3027
V,246.47,2125
AAPL,189.27,2248
GOOG,2814.07,1445
MSFT,339.41,2411
TSLA,257.81,2009
AMZN,141.21,1931
META,324.15,1704
NVDA,499.08,3760
JPM,161.01,3031
V,246.51,2129
AAPL,189.31,2252
GOOG,2814.12,1448
MSFT,339.45,2415
TSLA,257.85,2013
AMZN,141.25,1935
META,324.20,1708
NVDA,499.14,3765
JPM,161.05,3035
V,246.55,2133
AAPL,189.35,2256
GOOG,2814.17,1451
MSFT,339.49,2419
TSLA,257.89,2017
AMZN,141.29,1939
META,324.25,1712
NVDA,499.20,3770
JPM,161.09,3039
V,246.59,2137
AAPL,189.39,2260
GOOG,2814.22,1454
MSFT,339.53,2423
TSLA,257.93,2021
AMZN,141.33,1943
META,324.30,1716
NVDA,499.26,3775
JPM,161.13,3043
V,246.63,2141
AAPL,189.43,2264
GOOG,2814.27,1457
MSFT,339.57,2427
TSLA,257.97,2025
AMZN,141.37,1947
META,324.35,1720
NVDA,499.32,3780
JPM,161.17,3047
V,246.67,2145
AAPL,189.47,2268
GOOG,2814.32,1460
MSFT,339.61,2431
TSLA,258.01,2029
AMZN,141.41,1951
META,324.40,1724
NVDA,499.38,3785
JPM,161.21,3051
V,246.71,2149
AAPL,189.51,2272
GOOG,2814.37,1463
MSFT,339.65,2435
TSLA,258.05,2033
AMZN,141.45,1955
META,324.45,1728
NVDA,499.44,3790
JPM,161.25,3055
V,246.75,2153
AAPL,189.55,2276
GOOG,2814.42,1466
MSFT,339.69,2439
TSLA,258.09,2037
AMZN,141.49,1959
META,324.50,1732
NVDA,499.50,3795
JPM,161.29,3059
V,246.79,2157
AAPL,189.59,2280
GOOG,2814.47,1469
MSFT,339.73,2443
TSLA,258.13,2041
AMZN,141.53,1963
META,324.55,1736
NVDA,499.56,3800
JPM,161.33,3063
V,246.83,2161
AAPL,189.63,2284
GOOG,2814.52,1472
MSFT,339.77,2447
TSLA,258.17,2045
AMZN,141.57,1967
META,324.60,1740
NVDA,499.62,3805
JPM,161.37,3067
V,246.87,2165
AAPL,189.67,2288
GOOG,2814.57,1475
MSFT,339.81,2451
TSLA,258.21,2049
AMZN,141.61,1971
META,324.65,1744
NVDA,499.68,3810
JPM,161.41,3071
V,246.91,2169
AAPL,189.71,2292
GOOG,2814.62,1478
MSFT,339.85,2455
TSLA,258.25,2053
AMZN,141.65,1975
META,324.70,1748
NVDA,499.74,3815
JPM,161.45,3075
V,246.95,2173
AAPL,189.75,2296
GOOG,2814.67,1481
MSFT,339.89,2459
TSLA,258.29,2057
AMZN,141.69,1979
META,324.75,1752
NVDA,499.80,3820
JPM,161.49,3079
V,246.99,2177
AAPL,189.79,2300
GOOG,2814.72,1484
MSFT,339.93,2463
TSLA,258.33,2061
AMZN,141.73,1983
META,324.80,1756
NVDA,499.86,3825
JPM,161.53,3083
V,247.03,2181
AAPL,189.83,2304
GOOG,2814.77,1487
MSFT,339.97,2467
TSLA,258.37,2065
AMZN,141.77,1987
META,324.85,1760
NVDA,499.92,3830
JPM,161.57,3087
V,247.07,2185
AAPL,189.87,2308
GOOG,2814.82,1490
MSFT,340.01,2471
TSLA,258.41,2069
AMZN,141.81,1991
META,324.90,1764
NVDA,499.98,3835
JPM,161.61,3091
V,247.11,2189
AAPL,189.91,2312
GOOG,2814.87,1493
MSFT,340.05,2475
TSLA,258.45,2073
AMZN,141.85,1995
META,324.95,1768
NVDA,500.04,3840
JPM,161.65,3095
V,247.15,2193
AAPL,189.95,2316
GOOG,2814.92,1496
MSFT,340.09,2479
TSLA,258.49,2077
AMZN,141.89,1999
META,325.00,1772
NVDA,500.10,3845
JPM,161.69,3099
V,247.19,2197
AAPL,189.99,2320
GOOG,2814.97,1499
MSFT,340.13,2483
TSLA,258.53,2081
AMZN,141.93,2003
META,325.05,1776
NVDA,500.16,3850
JPM,161.73,3103
V,247.23,2201
AAPL,190.03,2324
GOOG,2815.02,1502
MSFT,340.17,2487
TSLA,258.57,2085
AMZN,141.97,2007
META,325.10,1780
NVDA,500.22,3855
JPM,161.77,3107
V,247.27,2205
AAPL,190.07,2328
GOOG,2815.07,1505
MSFT,340.21,2491
TSLA,258.61,2089
AMZN,142.01,2011
META,325.15,1784
NVDA,500.28,3860
JPM,161.81,3111
V,247.31,2209
AAPL,190.11,2332
GOOG,2815.12,1508
MSFT,340.25,2495
TSLA,258.65,2093
AMZN,142.05,2015
META,325.20,1788
NVDA,500.34,3865
JPM,161.85,3115
V,247.35,2213
AAPL,190.15,2336
GOOG,2815.17,1511
MSFT,340.29,2499
TSLA,258.69,2097
AMZN,142.09,2019
META,325.25,1792
NVDA,500.40,3870
JPM,161.89,3119
V,247.39,2217
AAPL,190.19,2340
GOOG,2815.22,1514
MSFT,340.33,2503
TSLA,258.73,2101
AMZN,142.13,2023
META,325.30,1796
NVDA,500.46,3875
JPM,161.93,3123
V,247.43,2221
AAPL,190.23,2344
GOOG,2815.27,1517
MSFT,340.37,2507
TSLA,258.77,2105
AMZN,142.17,2027
META,325.35,1800
NVDA,500.52,3880
JPM,161.97,3127
V,247.47,2225
AAPL,190.27,2348
GOOG,2815.32,1520
MSFT,340.41,2511
TSLA,258.81,2109
AMZN,142.21,2031
META,325.40,1804
NVDA,500.58,3885
JPM,162.01,3131
V,247.51,2229
AAPL,190.31,2352
GOOG,2815.37,1523
MSFT,340.45,2515
TSLA,258.85,2113
AMZN,142.25,2035
META,325.45,1808
NVDA,500.64,3890
JPM,162.05,3135
V,247.55,2233
AAPL,190.35,2356
GOOG,2815.42,1526
MSFT,340.49,2519
TSLA,258.89,2117
AMZN,142.29,2039
META,325.50,1812
NVDA,500.70,3895
JPM,162.09,3139
V,247.59,2237
AAPL,190.39,2360
GOOG,2815.47,1529
MSFT,340.53,2523
TSLA,258.93,2121
AMZN,142.33,2043
META,325.55,1816
NVDA,500.76,3900
JPM,162.13,3143
V,247.63,2241
AAPL,190.43,2364
GOOG,2815.52,1532
MSFT,340.57,2527
TSLA,258.97,2125
AMZN,142.37,2047
META,325.60,1820
NVDA,500.82,3905
JPM,162.17,3147
V,247.67,2245
AAPL,190.47,2368
GOOG,2815.57,1535
MSFT,340.61,2531
TSLA,259.01,2129
AMZN,142.41,2051
META,325.65,1824
NVDA,500.88,3910
JPM,162.21,3151
V,247.71,2249
AAPL,190.51,2372
GOOG,2815.62,1538
MSFT,340.65,2535
TSLA,259.05,2133
AMZN,142.45,2055
META,325.70,1828
NVDA,500.94,3915
JPM,162.25,3155
V,247.75,2253
AAPL,190.55,2376
GOOG,2815.67,1541
MSFT,340.69,2539
TSLA,259.09,2137
AMZN,142.49,2059
META,325.75,1832
NVDA,501.00,3920
JPM,162.29,3159
V,247.79,2257
AAPL,190.59,2380
GOOG,2815.72,1544
MSFT,340.73,2543
TSLA,259.13,2141
AMZN,142.53,2063
META,325.80,1836
NVDA,501.06,3925
JPM,162.33,3163
V,247.83,2261
AAPL,190.63,2384
GOOG,2815.77,1547
MSFT,340.77,2547
TSLA,259.17,2145
AMZN,142.57,2067
META,325.85,1840
NVDA,501.12,3930
JPM,162.37,3167
V,247.87,2265
AAPL,190.67,2388
GOOG,2815.82,1550
MSFT,340.81,2551
TSLA,259.21,2149
AMZN,142.61,2071
META,325.90,1844
NVDA,501.18,3935
JPM,162.41,3171
V,247.91,2269
AAPL,190.71,2392
GOOG,2815.87,1553
MSFT,340.85,2555
TSLA,259.25,2153
AMZN,142.65,2075
META,325.95,1848
NVDA,501.24,3940
JPM,162.45,3175
V,247.95,2273
AAPL,190.75,2396
GOOG,2815.92,1556
MSFT,340.89,2559
TSLA,259.29,2157
AMZN,142.69,2079
META,326.00,1852
NVDA,501.30,3945
JPM,162.49,3179
V,247.99,2277
AAPL,190.79,2400
GOOG,2815.97,1559
MSFT,340.93,2563
TSLA,259.33,2161
AMZN,142.73,2083
META,326.05,1856
NVDA,501.36,3950
JPM,162.53,3183
V,248.03,2281
AAPL,190.83,2404
GOOG,2816.02,1562
MSFT,340.97,2567
TSLA,259.37,2165
AMZN,142.77,2087
META,326.10,1860
NVDA,501.42,3955
JPM,162.57,3187
V,248.07,2285
AAPL,190.87,2408
GOOG,2816.07,1565
MSFT,341.01,2571
TSLA,259.41,2169
AMZN,142.81,2091
META,326.15,1864
NVDA,501.48,3960
JPM,162.61,3191
V,248.11,2289
AAPL,190.91,2412
GOOG,2816.12,1568
MSFT,341.05,2575
TSLA,259.45,2173
AMZN,142.85,2095
META,326.20,1868
NVDA,501.54,3965
JPM,162.65,3195
V,248.15,2293
AAPL,190.95,2416
GOOG,2816.17,1571
MSFT,341.09,2579
TSLA,259.49,2177
AMZN,142.89,2099
META,326.25,1872
NVDA,501.60,3970
JPM,162.69,3199
V,248.19,2297
AAPL,190.99,2420
GOOG,2816.22,1574
MSFT,341.13,2583
TSLA,259.53,2181
AMZN,142.93,2103
META,326.30,1876
NVDA,501.66,3975
JPM,162.73,3203
V,248.23,2301
AAPL,191.03,2424
GOOG,2816.27,1577
MSFT,341.17,2587
TSLA,259.57,2185
AMZN,142.97,2107
META,326.35,1880
NVDA,501.72,3980
JPM,162.77,3207
V,248.27,2305
AAPL,191.07,2428
GOOG,2816.32,1580
MSFT,341.21,2591
TSLA,259.61,2189
AMZN,143.01,2111
META,326.40,1884
NVDA,501.78,3985
JPM,162.81,3211
V,248.31,2309
AAPL,191.11,2432
GOOG,2816.37,1583
MSFT,341.25,2595
TSLA,259.65,2193
AMZN,143.05,2115
META,326.45,1888
NVDA,501.84,3990
JPM,162.85,3215
V,248.35,2313
AAPL,191.15,2436
GOOG,2816.42,1586
MSFT,341.29,2599
TSLA,259.69,2197
AMZN,143.09,2119
META,326.50,1892
NVDA,501.90,3995
JPM,162.89,3219
V,248.39,2317
AAPL,191.19,2440
GOOG,2816.47,1589
MSFT,341.33,2603
TSLA,259.73,2201
AMZN,143.13,2123
META,326.55,1896
NVDA,501.96,4000
JPM,162.93,3223
V,248.43,2321
AAPL,191.23,2444
GOOG,2816.52,1592
MSFT,341.37,2607
TSLA,259.77,2205
AMZN,143.17,2127
META,326.60,1900
NVDA,502.02,4005
JPM,162.97,3227
V,248.47,2325
AAPL,191.27,2448
GOOG,2816.57,1595
MSFT,341.41,2611
TSLA,259.81,2209
AMZN,143.21,2131
META,326.65,1904
NVDA,502.08,4010
JPM,163.01,3231
V,248.51,2329
AAPL,191.31,2452
GOOG,2816.62,1598
MSFT,341.45,2615
TSLA,259.85,2213
AMZN,143.25,2135
META,326.70,1908
NVDA,502.14,4015
JPM,163.05,3235
V,248.55,2333
AAPL,191.35,2456
GOOG,2816.67,1601
MSFT,341.49,2619
TSLA,259.89,2217
AMZN,143.29,2139
META,326.75,1912
NVDA,502.20,4020
JPM,163.09,3239
V,248.59,2337
AAPL,191.39,2460
GOOG,2816.72,1604
MSFT,341.53,2623
TSLA,259.93,2221
AMZN,143.33,2143
META,326.80,1916
NVDA,502.26,4025
JPM,163.13,3243
V,248.63,2341
AAPL,191.43,2464
GOOG,2816.77,1607
MSFT,341.57,2627
TSLA,259.97,2225
AMZN,143.37,2147
META,326.85,1920
NVDA,502.32,4030
JPM,163.17,3247
V,248.67,2345
AAPL,191.47,2468
GOOG,2816.82,1610
MSFT,341.61,2631
TSLA,260.01,2229
AMZN,143.41,2151
META,326.90,1924
NVDA,502.38,4035
JPM,163.21,3251
V,248.71,2349
AAPL,191.51,2472
GOOG,2816.87,1613
MSFT,341.65,2635
TSLA,260.05,2233
AMZN,143.45,2155
META,326.95,1928
NVDA,502.44,4040
JPM,163.25,3255
V,248.75,2353
AAPL,191.55,2476
GOOG,2816.92,1616
MSFT,341.69,2639
TSLA,260.09,2237
AMZN,143.49,2159
META,327.00,1932
NVDA,502.50,4045
JPM,163.29,3259
V,248.79,2357
AAPL,191.59,2480
GOOG,2816.97,1619
MSFT,341.73,2643
TSLA,260.13,2241
AMZN,143.53,2163
META,327.05,1936
NVDA,502.56,4050
JPM,163.33,3263
V,248.83,2361
AAPL,191.63,2484
GOOG,2817.02,1622
MSFT,341.77,2647
TSLA,260.17,2245
AMZN,143.57,2167
META,327.10,1940
NVDA,502.62,4055
JPM,163.37,3267
V,248.87,2365
AAPL,191.67,2488
GOOG,2817.07,1625
MSFT,341.81,2651
TSLA,260.21,2249
AMZN,143.61,2171
META,327.15,1944
NVDA,502.68,4060
JPM,163.41,3271
V,248.91,2369
AAPL,191.71,2492
GOOG,2817.12,1628
MSFT,341.85,2655
TSLA,260.25,2253
AMZN,143.65,2175
META,327.20,1948
NVDA,502.74,4065
JPM,163.45,3275
V,248.95,2373
AAPL,191.75,2496
GOOG,2817.17,1631
MSFT,341.89,2659
TSLA,260.29,2257
AMZN,143.69,2179
META,327.25,1952
NVDA,502.80,4070
JPM,163.49,3279
V,248.99,2377
AAPL,191.79,2500
GOOG,2817.22,1634
MSFT,341.93,2663
TSLA,260.33,2261
AMZN,143.73,2183
META,327.30,1956
NVDA,502.86,4075
JPM,163.53,3283
V,249.03,2381
AAPL,191.83,2504
GOOG,2817.27,1637
MSFT,341.97,2667
TSLA,260.37,2265
AMZN,143.77,2187
META,327.35,1960
NVDA,502.92,4080
JPM,163.57,3287
V,249.07,2385
AAPL,191.87,2508
GOOG,2817.32,1640
MSFT,342.01,2671
TSLA,260.41,2269
AMZN,143.81,2191
META,327.40,1964
NVDA,502.98,4085
JPM,163.61,3291
V,249.11,2389
AAPL,191.91,2512
GOOG,2817.37,1643
MSFT,342.05,2675
TSLA,260.45,2273
AMZN,143.85,2195
META,327.45,1968
NVDA,503.04,4090
JPM,163.65,3295
V,249.15,2393
AAPL,191.95,2516
GOOG,2817.42,1646
MSFT,342.09,2679
TSLA,260.49,2277
AMZN,143.89,2199
META,327.50,1972
NVDA,503.10,4095
JPM,163.69,3299
V,249.19,2397
AAPL,191.99,2520
GOOG,2817.47,1649
MSFT,342.13,2683
TSLA,260.53,2281
AMZN,143.93,2203
META,327.55,1976
NVDA,503.16,4100
JPM,163.73,3303
V,249.23,2401
AAPL,192.03,2524
GOOG,2817.52,1652
MSFT,342.17,2687
TSLA,260.57,2285
AMZN,143.97,2207
META,327.60,1980
NVDA,503.22,4105
JPM,163.77,3307
V,249.27,2405
AAPL,192.07,2528
GOOG,2817.57,1655
MSFT,342.21,2691
TSLA,260.61,2289
AMZN,144.01,2211
META,327.65,1984
NVDA,503.28,4110
JPM,163.81,3311
V,249.31,2409
AAPL,192.11,2532
GOOG,2817.62,1658
MSFT,342.25,2695
TSLA,260.65,2293
AMZN,144.05,2215
META,327.70,1988
NVDA,503.34,4115
JPM,163.85,3315
V,249.35,2413
AAPL,192.15,2536
GOOG,2817.67,1661
MSFT,342.29,2699
TSLA,260.69,2297
AMZN,144.09,2219
META,327.75,1992
NVDA,503.40,4120
JPM,163.89,3319
V,249.39,2417
AAPL,192.19,2540
GOOG,2817.72,1664
MSFT,342.33,2703
TSLA,260.73,2301
AMZN,144.13,2223
META,327.80,1996
NVDA,503.46,4125
JPM,163.93,3323
V,249.43,2421
AAPL,192.23,2544
GOOG,2817.77,1667
MSFT,342.37,2707
TSLA,260.77,2305
AMZN,144.17,2227
META,327.85,2000
NVDA,503.52,4130
JPM,163.97,3327
V,249.47,2425
AAPL,192.27,2548
GOOG,2817.82,1670
MSFT,342.41,2711
TSLA,260.81,2309
AMZN,144.21,2231
META,327.90,2004
NVDA,503.58,4135
JPM,164.01,3331
V,249.51,2429
AAPL,192.31,2552
GOOG,2817.87,1673
MSFT,342.45,2715
TSLA,260.85,2313
AMZN,144.25,2235
META,327.95,2008
NVDA,503.64,4140
JPM,164.05,3335
V,249.55,2433
AAPL,192.35,2556
GOOG,2817.92,1676
MSFT,342.49,2719
TSLA,260.89,2317
AMZN,144.29,2239
META,328.00,2012
NVDA,503.70,4145
JPM,164.09,3339
V,249.59,2437
AAPL,192.39,2560
GOOG,2817.97,1679
MSFT,342.53,2723
TSLA,260.93,2321
AMZN,144.33,2243
META,328.05,2016
NVDA,503.76,4150
JPM,164.13,3343
V,249.63,2441
AAPL,192.43,2564
GOOG,2818.02,1682
MSFT,342.57,2727
TSLA,260.97,2325
AMZN,144.37,2247
META,328.10,2020
NVDA,503.82,4155
JPM,164.17,3347
V,249.67,2445
AAPL,192.47,2568
GOOG,2818.07,1685
MSFT,342.61,2731
TSLA,261.01,2329
AMZN,144.41,2251
META,328.15,2024
NVDA,503.88,4160
JPM,164.21,3351
V,249.71,2449
AAPL,192.51,2572
GOOG,2818.12,1688
MSFT,342.65,2735
TSLA,261.05,2333
AMZN,144.45,2255
META,328.20,2028
NVDA,503.94,4165
JPM,164.25,3355
V,249.75,2453
AAPL,192.55,2576
GOOG,2818.17,1691
MSFT,342.69,2739
TSLA,261.09,2337
AMZN,144.49,2259
META,328.25,2032
NVDA,504.00,4170
JPM,164.29,3359
V,249.79,2457
AAPL,192.59,2580
GOOG,2818.22,1694
MSFT,342.73,2743
TSLA,261.13,2341
AMZN,144.53,2263
META,328.30,2036
NVDA,504.06,4175
JPM,164.33,3363
V,249.83,2461
AAPL,192.63,2584
GOOD,2818.27,1697
MSFT,342.77,2747
TSLA,261.17,2345
AMZN,144.57,2267
META,328.35,2040
NVDA,504.12,4180
JPM,164.37,3367
V,249.87,2465
AAPL,192.67,2588
GOOG,2818.32,1700
MSFT,342.81,2751
TSLA,261.21,2349
AMZN,144.61,2271
META,328.40,2044
NVDA,504.18,4185
JPM,164.41,3371
V,249.91,2469
AAPL,192.71,2592
GOOG,2818.37,1703
MSFT,342.85,2755
TSLA,261.25,2353
AMZN,144.65,2275
META,328.45,2048
NVDA,504.24,4190
JPM,164.45,3375
V,249.95,2473
AAPL,192.75,2596
GOOG,2818.42,1706
MSFT,342.89,2759
TSLA,261.29,2357
AMZN,144.69,2279
META,328.50,2052
NVDA,504.30,4195
JPM,164.49,3379
V,249.99,2477
AAPL,192.79,2600
GOOG,2818.47,1709
MSFT,342.93,2763
TSLA,261.33,2361
AMZN,144.73,2283
META,328.55,2056
NVDA,504.36,4200
JPM,164.53,3383
V,250.03,2481
AAPL,192.83,2604
GOOG,2818.52,1712
MSFT,342.97,2767
TSLA,261.37,2365
AMZN,144.77,2287
META,328.60,2060
NVDA,504.42,4205
JPM,164.57,3387
V,250.07,2485
AAPL,192.87,2608
GOOG,2818.57,1715
MSFT,343.01,2771
TSLA,261.41,2369
AMZN,144.81,2291
META,328.65,2064
NVDA,504.48,4210
JPM,164.61,3391
V,250.11,2489
AAPL,192.91,2612
GOOG,2818.62,1718
MSFT,343.05,2775
TSLA,261.45,2373
AMZN,144.85,2295
META,328.70,2068
NVDA,504.54,4215
JPM,164.65,3395
V,250.15,2493
AAPL,192.95,2616
GOOG,2818.67,1721
MSFT,343.09,2779
TSLA,261.49,2377
AMZN,144.89,2299
META,328.75,2072
NVDA,504.60,4220
JPM,164.69,3399
V,250.19,2497
AAPL,192.99,2620
GOOG,2818.72,1724
MSFT,343.13,2783
TSLA,261.53,2381
AMZN,144.93,2303
META,328.80,2076
NVDA,504.66,4225
JPM,164.73,3403
V,250.23,2501
AAPL,193.03,2624
GOOG,2818.77,1727
MSFT,343.17,2787
TSLA,261.57,2385
AMZN,144.97,2307
META,328.85,2080
NVDA,504.72,4230
JPM,164.77,3407
V,250.27,2505
AAPL,193.07,2628
GOOG,2818.82,1730
MSFT,343.21,2791
TSLA,261.61,2389
AMZN,145.01,2311
META,328.90,2084
NVDA,504.78,4235
JPM,164.81,3411
V,250.31,2509
AAPL,193.11,2632
GOOG,2818.87,1733
MSFT,343.25,2795
TSLA,261.65,2393
AMZN,145.05,2315
META,328.95,2088
NVDA,504.84,4240
JPM,164.85,3415
V,250.35,2513
AAPL,193.15,2636
GOOG,2818.92,1736
MSFT,343.29,2799
TSLA,261.69,2397
AMZN,145.09,2319
META,329.00,2092
NVDA,504.90,4245
JPM,164.89,3419
V,250.39,2517
AAPL,193.19,2640
GOOG,2818.97,1739
MSFT,343.33,2803
TSLA,261.73,2401
AMZN,145.13,2323
META,329.05,2096
NVDA,504.96,4250
JPM,164.93,3423
V,250.43,2521
AAPL,193.23,2644
GOOG,2819.02,1742
MSFT,343.37,2807
TSLA,261.77,2405
AMZN,145.17,2327
META,329.10,2100
NVDA,505.02,4255
JPM,164.97,3427
V,250.47,2525
AAPL,193.27,2648
GOOG,2819.07,1745
MSFT,343.41,2811
TSLA,261.81,2409
AMZN,145.21,2331
META,329.15,2104
NVDA,505.08,4260
JPM,165.01,3431
V,250.51,2529
AAPL,193.31,2652
GOOG,2819.12,1748
MSFT,343.45,2815
TSLA,261.85,2413
AMZN,145.25,2335
META,329.20,2108
NVDA,505.14,4265
JPM,165.05,3435
V,250.55,2533
AAPL,193.35,2656
GOOG,2819.17,1751
MSFT,343.49,2819
TSLA,261.89,2417
AMZN,145.29,2339
META,329.25,2112
NVDA,505.20,4270
JPM,165.09,3439
V,250.59,2537
AAPL,193.39,2660
GOOG,2819.22,1754
MSFT,343.53,2823
TSLA,261.93,2421
AMZN,145.33,2343
META,329.30,2116
NVDA,505.26,4275
JPM,165.13,3443
V,250.63,2541
AAPL,193.43,2664
GOOG,2819.27,1757
MSFT,343.57,2827
TSLA,261.97,2425
AMZN,145.37,2347
META,329.35,2120
NVDA,505.32,4280
JPM,165.17,3447
V,250.67,2545
AAPL,193.47,2668
GOOG,2819.32,1760
MSFT,343.61,2831
TSLA,262.01,2429
AMZN,145.41,2351
META,329.40,2124
NVDA,505.38,4285
JPM,165.21,3451
V,250.71,2549
AAPL,193.51,2672
GOOG,2819.37,1763
MSFT,343.65,2835
TSLA,262.05,2433
AMZN,145.45,2355
META,329.45,2128
NVDA,505.44,4290
JPM,165.25,3455
V,250.75,2553
AAPL,193.55,2676
GOOG,2819.42,1766
MSFT,343.69,2839
TSLA,262.09,2437
AMZN,145.49,2359
META,329.50,2132
NVDA,505.50,4295
JPM,165.29,3459
V,250.79,2557
AAPL,193.59,2680
GOOG,2819.47,1769
MSFT,343.73,2843
TSLA,262.13,2441
AMZN,145.53,2363
META,329.55,2136
NVDA,505.56,4300
JPM,165.33,3463
V,250.83,2561
AAPL,193.63,2684
GOOG,2819.52,1772
MSFT,343.77,2847
TSLA,262.17,2445
AMZN,145.57,2367
META,329.60,2140
NVDA,505.62,4305
JPM,165.37,3467
V,250.87,2565
AAPL,193.67,2688
GOOG,2819.57,1775
MSFT,343.81,2851
TSLA,262.21,2449
AMZN,145.61,2371
META,329.65,2144
NVDA,505.68,4310
JPM,165.41,3471
V,250.91,2569
AAPL,193.71,2692
GOOG,2819.62,1778
MSFT,343.85,2855
TSLA,262.25,2453
AMZN,145.65,2375
META,329.70,2148
NVDA,505.74,4315
JPM,165.45,3475
V,250.95,2573
AAPL,193.75,2696
GOOG,2819.67,1781
MSFT,343.89,2859
TSLA,262.29,2457
AMZN,145.69,2379
META,329.75,2152
NVDA,505.80,4320
JPM,165.49,3479
V,250.99,2577
AAPL,193.79,2700
GOOG,2819.72,1784
MSFT,343.93,2863
TSLA,262.33,2461
AMZN,145.73,2383
META,329.80,2156
NVDA,505.86,4325
JPM,165.53,3483
V,251.03,2581
AAPL,193.83,2704
GOOG,2819.77,1787
MSFT,343.97,2867
TSLA,262.37,2465
AMZN,145.77,2387
META,329.85,2160
NVDA,505.92,4330
JPM,165.57,3487
V,251.07,2585
AAPL,193.87,2708
GOOG,2819.82,1790
MSFT,344.01,2871
TSLA,262.41,2469
AMZN,145.81,2391
META,329.90,2164
NVDA,505.98,4335
JPM,165.61,3491
V,251.11,2589
AAPL,193.91,2712
GOOG,2819.87,1793
MSFT,344.05,2875
TSLA,262.45,2473
AMZN,145.85,2395
META,329.95,2168
NVDA,506.04,4340
JPM,165.65,3495
V,251.15,2593
AAPL,193.95,2716
GOOG,2819.92,1796
MSFT,344.09,2879
TSLA,262.49,2477
AMZN,145.89,2399
META,330.00,2172
NVDA,506.10,4345
JPM,165.69,3499
V,251.19,2597
AAPL,193.99,2720
GOOG,2819.97,1799
MSFT,344.13,2883
TSLA,262.53,2481
AMZN,145.93,2403
META,330.05,2176
NVDA,506.16,4350
JPM,165.73,3503
V,251.23,2601
AAPL,194.03,2724
GOOG,2820.02,1802
MSFT,344.17,2887
TSLA,262.57,2485
AMZN,145.97,2407
META,330.10,2180
NVDA,506.22,4355
JPM,165.77,3507
V,251.27,2605
AAPL,194.07,2728
GOOG,2820.07,1805
MSFT,344.21,2891
TSLA,262.61,2489
AMZN,146.01,2411
META,330.15,2184
NVDA,506.28,4360
JPM,165.81,3511
V,251.31,2609
AAPL,194.11,2732
GOOG,2820.12,1808
MSFT,344.25,2895
TSLA,262.65,2493
AMZN,146.05,2415
META,330.20,2188
NVDA,506.34,4365
JPM,165.85,3515
V,251.35,2613
AAPL,194.15,2736
GOOG,2820.17,1811
MSFT,344.29,2899
TSLA,262.69,2497
AMZN,146.09,2419
META,330.25,2192
NVDA,506.40,4370
JPM,165.89,3519
V,251.39,2617
AAPL,194.19,2740
GOOG,2820.22,1814
MSFT,344.33,2903
TSLA,262.73,2501
AMZN,146.13,2423
META,330.30,2196
NVDA,506.46,4375
JPM,165.93,3523
V,251.43,2621
AAPL,194.23,2744
GOOG,2820.27,1817
MSFT,344.37,2907
TSLA,262.77,2505
AMZN,146.17,2427
META,330.35,2200
NVDA,506.52,4380
JPM,165.97,3527
V,251.47,2625
AAPL,194.27,2748
GOOG,2820.32,1820
MSFT,344.41,2911
TSLA,262.81,2509
AMZN,146.21,2431
META,330.40,2204
NVDA,506.58,4385
JPM,166.01,3531
V,251.51,2629
AAPL,194.31,2752
GOOG,2820.37,1823
MSFT,344.45,2915
TSLA,262.85,2513
AMZN,146.25,2435
META,330.45,2208
NVDA,506.64,4390
JPM,166.05,3535
V,251.55,2633
AAPL,194.35,2756
GOOG,2820.42,1826
MSFT,344.49,2919
TSLA,262.89,2517
AMZN,146.29,2439
META,330.50,2212
NVDA,506.70,4395
JPM,166.09,3539
V,251.59,2637
AAPL,194.39,2760
GOOG,2820.47,1829
MSFT,344.53,2923
TSLA,262.93,2521
AMZN,146.33,2443
META,330.55,2216
NVDA,506.76,4400
JPM,166.13,3543
V,251.63,2641
AAPL,194.43,2764
GOOG,2820.52,1832
MSFT,344.57,2927
TSLA,262.97,2525
AMZN,146.37,2447
META,330.60,2220
NVDA,506.82,4405
JPM,166.17,3547
V,251.67,2645
AAPL,194.47,2768
GOOG,2820.57,1835
MSFT,344.61,2931
TSLA,263.01,2529
AMZN,146.41,2451
META,330.65,2224
NVDA,506.88,4410
JPM,166.21,3551
V,251.71,2649
AAPL,194.51,2772
GOOG,2820.62,1838
MSFT,344.65,2935
TSLA,263.05,2533
AMZN,146.45,2455
META,330.70,2228
NVDA,506.94,4415
JPM,166.25,3555
V,251.75,2653
AAPL,194.55,2776
GOOG,2820.67,1841
MSFT,344.69,2939
TSLA,263.09,2537
AMZN,146.49,2459
META,330.75,2232
NVDA,507.00,4420
JPM,166.29,3559
V,251.79,2657
AAPL,194.59,2780
GOOG,2820.72,1844
MSFT,344.73,2943
TSLA,263.13,2541
AMZN,146.53,2463
META,330.80,2236
NVDA,507.06,4425
JPM,166.33,3563
V,251.83,2661
AAPL,194.63,2784
GOOG,2820.77,1847
MSFT,344.77,2947
TSLA,263.17,2545
AMZN,146.57,2467
META,330.85,2240
NVDA,507.12,4430
JPM,166.37,3567
V,251.87,2665
AAPL,194.67,2788
GOOG,2820.82,1850
MSFT,344.81,2951
TSLA,263.21,2549
AMZN,146.61,2471
META,330.90,2244
NVDA,507.18,4435
JPM,166.41,3571
V,251.91,2669
AAPL,194.71,2792
GOOG,2820.87,1853
MSFT,344.85,2955
TSLA,263.25,2553
AMZN,146.65,2475
META,330.95,2248
NVDA,507.24,4440
JPM,166.45,3575
V,251.95,2673
AAPL,194.75,2796
GOOG,2820.92,1856
MSFT,344.89,2959
TSLA,263.29,2557
AMZN,146.69,2479
META,331.00,2252
NVDA,507.30,4445
JPM,166.49,3579
V,251.99,2677
AAPL,194.79,2800
GOOG,2820.97,1859
MSFT,344.93,2963
TSLA,263.33,2561
AMZN,146.73,2483
META,331.05,2256
NVDA,507.36,4450
JPM,166.53,3583
V,252.03,2681
AAPL,194.83,2804
GOOG,2821.02,1862
MSFT,344.97,2967
TSLA,263.37,2565
AMZN,146.77,2487
META,331.10,2260
NVDA,507.42,4455
JPM,166.57,3587
V,252.07,2685
AAPL,194.87,2808
GOOG,2821.07,1865
MSFT,345.01,2971
TSLA,263.41,2569
AMZN,146.81,2491
META,331.15,2264
NVDA,507.48,4460
JPM,166.61,3591
V,252.11,2689
AAPL,194.91,2812
GOOG,2821.12,1868
MSFT,345.05,2975
TSLA,263.45,2573
AMZN,146.85,2495
META,331.20,2268
NVDA,507.54,4465
JPM,166.65,3595
V,252.15,2693
AAPL,194.95,2816
GOOG,2821.17,1871
MSFT,345.09,2979
TSLA,263.49,2577
AMZN,146.89,2499
META,331.25,2272
NVDA,507.60,4470
JPM,166.69,3599
V,252.19,2697
AAPL,194.99,2820
GOOG,2821.22,1874
MSFT,345.13,2983
TSLA,263.53,2581
AMZN,146.93,2503
META,331.30,2276
NVDA,507.66,4475
JPM,166.73,3603
V,252.23,2701
AAPL,195.03,2824
GOOG,2821.27,1877
MSFT,345.17,2987
TSLA,263.57,2585
AMZN,146.97,2507
META,331.35,2280
NVDA,507.72,4480
JPM,166.77,3607
V,252.27,2705
AAPL,195.07,2828
GOOG,2821.32,1880
MSFT,345.21,2991
TSLA,263.61,2589
AMZN,147.01,2511
META,331.40,2284
NVDA,507.78,4485
JPM,166.81,3611
V,252.31,2709
AAPL,195.11,2832
GOOG,2821.37,1883
MSFT,345.25,2995
TSLA,263.65,2593
AMZN,147.05,2515
META,331.45,2288
NVDA,507.84,4490
JPM,166.85,3615
V,252.35,2713
AAPL,195.15,2836
GOOG,2821.42,1886
MSFT,345.29,2999
TSLA,263.69,2597
AMZN,147.09,2519
META,331.50,2292
NVDA,507.90,4495
JPM,166.89,3619
V,252.39,2717
AAPL,195.19,2840
GOOG,2821.47,1889
MSFT,345.33,3003
TSLA,263.73,2601
AMZN,147.13,2523
META,331.55,2296
NVDA,507.96,4500
JPM,166.93,3623
V,252.43,2721
AAPL,195.23,2844
GOOG,2821.52,1892
MSFT,345.37,3007
TSLA,263.77,2605
AMZN,147.17,2527
META,331.60,2300
NVDA,508.02,4505
JPM,166.97,3627
V,252.47,2725
AAPL,195.27,2848
GOOG,2821.57,1895
MSFT,345.41,3011
TSLA,263.81,2609
AMZN,147.21,2531
META,331.65,2304
NVDA,508.08,4510
JPM,167.01,3631
V,252.51,2729
AAPL,195.31,2852
GOOG,2821.62,1898
MSFT,345.45,3015
TSLA,263.85,2613
AMZN,147.25,2535
META,331.70,2308
NVDA,508.14,4515
JPM,167.05,3635
V,252.55,2733
AAPL,195.35,2856
GOOG,2821.67,1901
MSFT,345.49,3019
TSLA,263.89,2617
AMZN,147.29,2539
META,331.75,2312
NVDA,508.20,4520
JPM,167.09,3639
V,252.59,2737
AAPL,195.39,2860
GOOG,2821.72,1904
MSFT,345.53,3023
TSLA,263.93,2621
AMZN,147.33,2543
META,331.80,2316
NVDA,508.26,4525
JPM,167.13,3643
V,252.63,2741
AAPL,195.43,2864
GOOG,2821.77,1907
MSFT,345.57,3027
TSLA,263.97,2625
AMZN,147.37,2547
META,331.85,2320
NVDA,508.32,4530
JPM,167.17,3647
V,252.67,2745
AAPL,195.47,2868
GOOG,2821.82,1910
MSFT,345.61,3031
TSLA,264.01,2629
AMZN,147.41,2551
META,331.90,2324
NVDA,508.38,4535
JPM,167.21,3651
V,252.71,2749
AAPL,195.51,2872
GOOG,2821.87,1913
MSFT,345.65,3035
TSLA,264.05,2633
AMZN,147.45,2555
META,331.95,2328
NVDA,508.44,4540
JPM,167.25,3655
V,252.75,2753
AAPL,195.55,2876
GOOG,2821.92,1916
MSFT,345.69,3039
TSLA,264.09,2637
AMZN,147.49,2559
META,332.00,2332
NVDA,508.50,4545
JPM,167.29,3659
V,252.79,2757
AAPL,195.59,2880
GOOG,2821.97,1919
MSFT,345.73,3043
TSLA,264.13,2641
AMZN,147.53,2563
META,332.05,2336
NVDA,508.56,4550
JPM,167.33,3663
V,252.83,2761
AAPL,195.63,2884
GOOG,2822.02,1922
MSFT,345.77,3047
TSLA,264.17,2645
AMZN,147.57,2567
META,332.10,2340
NVDA,508.62,4555
JPM,167.37,3667
V,252.87,2765
AAPL,195.67,2888
GOOG,2822.07,1925
MSFT,345.81,3051
TSLA,264.21,2649
AMZN,147.61,2571
META,332.15,2344
NVDA,508.68,4560
JPM,167.41,3671
V,252.91,2769
AAPL,195.71,2892
GOOG,2822.12,1928
MSFT,345.85,3055
TSLA,264.25,2653
AMZN,147.65,2575
META,332.20,2348
NVDA,508.74,4565
JPM,167.45,3675
V,252.95,2773
AAPL,195.75,2896
GOOG,2822.17,1931
MSFT,345.89,3059
TSLA,264.29,2657
AMZN,147.69,2579
META,332.25,2352
NVDA,508.80,4570
JPM,167.49,3679
V,252.99,2777
AAPL,195.79,2900
GOOG,2822.22,1934
MSFT,345.93,3063
TSLA,264.33,2661
AMZN,147.73,2583
META,332.30,2356
NVDA,508.86,4575
JPM,167.53,3683
V,253.03,2781
AAPL,195.83,2904
GOOG,2822.27,1937
MSFT,345.97,3067
TSLA,264.37,2665
AMZN,147.77,2587
META,332.35,2360
NVDA,508.92,4580
JPM,167.57,3687
V,253.07,2785
AAPL,195.87,2908
GOOG,2822.32,1940
MSFT,346.01,3071
TSLA,264.41,2669
AMZN,147.81,2591
META,332.40,2364
NVDA,508.98,4585
JPM,167.61,3691
V,253.11,2789
AAPL,195.91,2912
GOOG,2822.37,1943
MSFT,346.05,3075
TSLA,264.45,2673
AMZN,147.85,2595
META,332.45,2368
NVDA,509.04,4590
JPM,167.65,3695
V,253.15,2793
AAPL,195.95,2916
GOOG,2822.42,1946
MSFT,346.09,3079
TSLA,264.49,2677
AMZN,147.89,2599
META,332.50,2372
NVDA,509.10,4595
JPM,167.69,3699
V,253.19,2797
AAPL,195.99,2920
GOOG,2822.47,1949
MSFT,346.13,3083
TSLA,264.53,2681
AMZN,147.93,2603
META,332.55,2376
NVDA,509.16,4600
JPM,167.73,3703
V,253.23,2801
AAPL,196.03,2924
GOOG,2822.52,1952
MSFT,346.17,3087
TSLA,264.57,2685
AMZN,147.97,2607
META,332.60,2380
NVDA,509.22,4605
JPM,167.77,3707
V,253.27,2805
AAPL,196.07,2928
GOOG,2822.57,1955
MSFT,346.21,3091
TSLA,264.61,2689
AMZN,148.01,2611
META,332.65,2384
NVDA,509.28,4610
JPM,167.81,3711
V,253.31,2809
AAPL,196.11,2932
GOOG,2822.62,1958
MSFT,346.25,3095
TSLA,264.65,2693
AMZN,148.05,2615
META,332.70,2388
NVDA,509.34,4615
JPM,167.85,3715
V,253.35,2813
AAPL,196.15,2936
GOOG,2822.67,1961
MSFT,346.29,3099
TSLA,264.69,2697
AMZN,148.09,2619
META,332.75,2392
NVDA,509.40,4620
JPM,167.89,3719
V,253.39,2817
AAPL,196.19,2940
GOOG,2822.72,1964
MSFT,346.33,3103
TSLA,264.73,2701
AMZN,148.13,2623
META,332.80,2396
NVDA,509.46,4625
JPM,167.93,3723
V,253.43,2821
AAPL,196.23,2944
GOOG,2822.77,1967
MSFT,346.37,3107
TSLA,264.77,2705
AMZN,148.17,2627
META,332.85,2400
NVDA,509.52,4630
JPM,167.97,3727
V,253.47,2825
AAPL,196.27,2948
GOOG,2822.82,1970
MSFT,346.41,3111
TSLA,264.81,2709
AMZN,148.21,2631
META,332.90,2404
NVDA,509.58,4635
JPM,168.01,3731
V,253.51,2829
AAPL,196.31,2952
GOOG,2822.87,1973
MSFT,346.45,3115
TSLA,264.85,2713
AMZN,148.25,2635
META,332.95,2408
NVDA,509.64,4640
JPM,168.05,3735
V,253.55,2833
AAPL,196.35,2956
GOOG,2822.92,1976
MSFT,346.49,3119
TSLA,264.89,2717
AMZN,148.29,2639
META,333.00,2412
NVDA,509.70,4645
JPM,168.09,3739
V,253.59,2837
AAPL,196.39,2960
GOOG,2822.97,1979
MSFT,346.53,3123
TSLA,264.93,2721
AMZN,148.33,2643
META,333.05,2416
NVDA,509.76,4650
JPM,168.13,3743
V,253.63,2841
AAPL,196.43,2964
GOOG,2823.02,1982
MSFT,346.57,3127
TSLA,264.97,2725
AMZN,148.37,2647
META,333.10,2420
NVDA,509.82,4655
JPM,168.17,3747
V,253.67,2845
AAPL,196.47,2968
GOOG,2823.07,1985
MSFT,346.61,3131
TSLA,265.01,2729
AMZN,148.41,2651
META,333.15,2424
NVDA,509.88,4660
JPM,168.21,3751
V,253.71,2849
AAPL,196.51,2972
GOOG,2823.12,1988
MSFT,346.65,3135
TSLA,265.05,2733
AMZN,148.45,2655
META,333.20,2428
NVDA,509.94,4665
JPM,168.25,3755
V,253.75,2853
AAPL,196.55,2976
GOOG,2823.17,1991
MSFT,346.69,3139
TSLA,265.09,2737
AMZN,148.49,2659
META,333.25,2432
NVDA,510.00,4670
JPM,168.29,3759
V,253.79,2857
AAPL,196.59,2980
GOOG,2823.22,1994
MSFT,346.73,3143
TSLA,265.13,2741
AMZN,148.53,2663
META,333.30,2436
NVDA,510.06,4675
JPM,168.33,3763
V,253.83,2861
AAPL,196.63,2984
GOOG,2823.27,1997
MSFT,346.77,3147
TSLA,265.17,2745
AMZN,148.57,2667
META,333.35,2440
NVDA,510.12,4680
JPM,168.37,3767
V,253.87,2865
AAPL,196.67,2988
GOOG,2823.32,2000
MSFT,346.81,3151
TSLA,265.21,2749
AMZN,148.61,2671
META,333.40,2444
NVDA,510.18,4685
JPM,168.41,3771
V,253.91,2869
AAPL,196.71,2992
GOOG,2823.37,2003
MSFT,346.85,3155
TSLA,265.25,2753
AMZN,148.65,2675
META,333.45,2448
NVDA,510.24,4690
JPM,168.45,3775
V,253.95,2873
AAPL,196.75,2996
GOOG,2823.42,2006
MSFT,346.89,3159
TSLA,265.29,2757
AMZN,148.69,2679
META,333.50,2452
NVDA,510.30,4695
JPM,168.49,3779
V,253.99,2877
AAPL,196.79,3000
GOOG,2823.47,2009
MSFT,346.93,3163
TSLA,265.33,2761
AMZN,148.73,2683
META,333.55,2456
NVDA,510.36,4700
JPM,168.53,3783
V,254.03,2881
AAPL,196.83,3004
GOOG,2823.52,2012
MSFT,346.97,3167
TSLA,265.37,2765
AMZN,148.77,2687
META,333.60,2460
NVDA,510.42,4705
JPM,168.57,3787
V,254.07,2885
AAPL,196.87,3008
GOOG,2823.57,2015
MSFT,347.01,3171
TSLA,265.41,2769
AMZN,148.81,2691
META,333.65,2464
NVDA,510.48,4710
JPM,168.61,3791
V,254.11,2889
AAPL,196.91,3012
GOOG,2823.62,2018
MSFT,347.05,3175
TSLA,265.45,2773
AMZN,148.85,2695
META,333.70,2468
NVDA,510.54,4715
JPM,168.65,3795
V,254.15,2893
AAPL,196.95,3016
GOOG,2823.67,2021
MSFT,347.09,3179
TSLA,265.49,2777
AMZN,148.8944
